50.9,0,15.5,9.6,4.9,0,,
40.4,0,16.7,10.1,4.5,0,,
28.5,0,17.1,10.7,5.1,0,,
31.1,0,16.6,10.6,5.2,0,,
89.3,0,10.7,9.6,8.5,0,,
55.9,0,17.3,11.4,7.4,0,,
54,0,15,9.9,6.8,0,,
55.4,0,14.5,10.8,8.2,0,,
32.6,0,15.4,10.4,6,0,,
38.1,0,15.5,10.2,4.9,0,,
44.1,0,17.4,11.3,5.7,0,,
44.4,0,18.8,12.4,6.6,0,,
77.1,0,19,12.2,9.4,0,,
26.3,0,18.4,12.1,5.9,0,,
49.8,0,18.4,12,8,0,,
70.1,0,10.7,6.7,5.8,0,,
41.6,0,16.2,10.8,6.6,0,,
49.3,0,16.8,11.2,6.3,0,,
32.4,0,18,13.5,8,0,,
83.9,0,14.5,8.9,7.4,0,,
59.6,0,14.2,9.7,6.1,0,,
58.5,0,13.9,9.7,6.1,0,,
61,0,15.7,11.3,7.2,0,,
82,0,11.4,10.5,9.1,0,,
74.3,0,14.2,11.4,8.7,0,,
57,0,15.3,10.4,7.3,0,,
47.4,0,18.4,13.2,7.3,0,,
93.6,0,14.6,13,10.6,0,,
74.9,0,15.7,12.5,9.9,0,,
168.5,0,30.3,25.5,20.5,0,,
215.9,0,48.7,38.7,27.8,0,,
272.9,0,64,49.1,35.1,0,,
347.2,0,78.2,60.5,43.8,0,,
429.2,0,89.6,71,52.9,0,,
490.2,0,105.3,82.3,60.1,0,,
548.7,0,119.2,92,66.2,0,,
608.3,0,133.4,101.7,72.3,0,,
692.2,0,147.9,110.6,79.7,0,,
724.6,0,165.9,124.1,87.7,0,,
773.9,0,182.7,135.3,94,0,,
815.5,0,198.9,146.1,100.6,0,,
885.6,0,209.6,152.8,106.4,0,,
935.4,0,228,164.8,114.4,0,,
961.7,0,246.4,176.9,120.3,0,,
1038.8,0,265.4,189.1,129.7,0,,
1083.2,0,284.2,201.5,136.3,0,,
1127.3,0,301.6,212.8,142,0,,
1165.4,0,317.1,223,146.9,0,,
1198,0,332.5,233.4,152.9,0,,
1253.4,0,347,244.2,161.1,0,,
1307.4,0,362,254.1,167.9,0,,
1363.3,0,379.3,265.5,175.3,0,,
1452.6,0,390,275.1,183.8,0,,
1483.7,0,406.6,285.7,189,0,,
1512.2,0,423.7,296.4,194.1,0,,
1552.6,0,440.4,306.5,198.6,0,,
1603.5,0,455.9,316.1,203.5,0,,
1655.1,0,468.7,325,208.8,0,2011-05-02,
40.4,0,16.7,10.1,4.5,0,,
28.5,0,17.1,10.7,5.1,0,,
31.1,0,16.6,10.6,5.2,0,,
89.3,0,10.7,9.6,8.5,0,,
55.9,0,17.3,11.4,7.4,0,,
54,0,15,9.9,6.8,0,,
55.4,0,14.5,10.8,8.2,0,,
32.6,0,15.4,10.4,6,0,,
38.1,0,15.5,10.2,4.9,0,,
44.1,0,17.4,11.3,5.7,0,,
44.4,0,18.8,12.4,6.6,0,,
77.1,0,19,12.2,9.4,0,,
26.3,0,18.4,12.1,5.9,0,,
49.8,0,18.4,12,8,0,,
70.1,0,10.7,6.7,5.8,0,,
41.6,0,16.2,10.8,6.6,0,,
49.3,0,16.8,11.2,6.3,0,,
32.4,0,18,13.5,8,0,,
83.9,0,14.5,8.9,7.4,0,,
59.6,0,14.2,9.7,6.1,0,,
58.5,0,13.9,9.7,6.1,0,,
61,0,15.7,11.3,7.2,0,,
82,0,11.4,10.5,9.1,0,,
74.3,0,14.2,11.4,8.7,0,,
57,0,15.3,10.4,7.3,0,,
47.4,0,18.4,13.2,7.3,0,,
93.6,0,14.6,13,10.6,0,,
74.9,0,15.7,12.5,9.9,0,,
57.6,0,20.7,14.2,8.5,0,,
132.5,0,36.4,26.7,18.4,0,,
226.1,0,51,39.7,29,0,,
273.5,0,69.4,52.9,36.3,0,,
330.5,0,84.7,63.3,43.6,0,,
404.8,0,98.9,74.7,52.3,0,,
486.8,0,110.3,85.2,61.4,0,,
547.8,0,126,96.5,68.6,0,,
606.3,0,139.9,106.2,74.7,0,,
665.9,0,154.1,115.9,80.8,0,,
749.8,0,168.6,124.8,88.2,0,,
782.2,0,186.6,138.3,96.2,0,,
831.5,0,203.4,149.5,102.5,0,,
873.1,0,219.6,160.3,109.1,0,,
943.2,0,230.3,167,114.9,0,,
993,0,248.7,179,122.9,0,,
1019.3,0,267.1,191.1,128.8,0,,
1096.4,0,286.1,203.3,138.2,0,,
1140.8,0,304.9,215.7,144.8,0,,
1184.9,0,322.3,227,150.5,0,,
1223,0,337.8,237.2,155.4,0,,
1255.6,0,353.2,247.6,161.4,0,,
1311,0,367.7,258.4,169.6,0,,
1365,0,382.7,268.3,176.4,0,,
1420.9,0,400,279.7,183.8,0,,
1510.2,0,410.7,289.3,192.3,0,,
1541.3,0,427.3,299.9,197.5,0,,
1569.8,0,444.4,310.6,202.6,0,,
1610.2,0,461.1,320.7,207.1,0,,
1661.1,0,476.6,330.3,212,0,2011-05-03,
28.5,0,17.1,10.7,5.1,1,,
31.1,0,16.6,10.6,5.2,1,,
89.3,0,10.7,9.6,8.5,1,,
55.9,0,17.3,11.4,7.4,1,,
54,0,15,9.9,6.8,1,,
55.4,0,14.5,10.8,8.2,1,,
32.6,0,15.4,10.4,6,1,,
38.1,0,15.5,10.2,4.9,1,,
44.1,0,17.4,11.3,5.7,1,,
44.4,0,18.8,12.4,6.6,1,,
77.1,0,19,12.2,9.4,1,,
26.3,0,18.4,12.1,5.9,1,,
49.8,0,18.4,12,8,1,,
70.1,0,10.7,6.7,5.8,1,,
41.6,0,16.2,10.8,6.6,1,,
49.3,0,16.8,11.2,6.3,1,,
32.4,0,18,13.5,8,1,,
83.9,0,14.5,8.9,7.4,1,,
59.6,0,14.2,9.7,6.1,1,,
58.5,0,13.9,9.7,6.1,1,,
61,0,15.7,11.3,7.2,1,,
82,0,11.4,10.5,9.1,1,,
74.3,0,14.2,11.4,8.7,1,,
57,0,15.3,10.4,7.3,1,,
47.4,0,18.4,13.2,7.3,1,,
93.6,0,14.6,13,10.6,1,,
74.9,0,15.7,12.5,9.9,1,,
57.6,0,20.7,14.2,8.5,1,,
44.1,0,20.6,15.3,11.9,1,,
101.7,0,41.3,29.5,20.4,1,,
176.6,0,57,42,30.3,1,,
270.2,0,71.6,55,40.9,1,,
317.6,0,90,68.2,48.2,1,,
374.6,0,105.3,78.6,55.5,1,,
448.9,0,119.5,90,64.2,1,,
530.9,0,130.9,100.5,73.3,1,,
591.9,0,146.6,111.8,80.5,1,,
650.4,0,160.5,121.5,86.6,1,,
710,0,174.7,131.2,92.7,1,,
793.9,0,189.2,140.1,100.1,1,,
826.3,0,207.2,153.6,108.1,1,,
875.6,0,224,164.8,114.4,1,,
917.2,0,240.2,175.6,121,1,,
987.3,0,250.9,182.3,126.8,1,,
1037.1,0,269.3,194.3,134.8,1,,
1063.4,0,287.7,206.4,140.7,1,,
1140.5,0,306.7,218.6,150.1,1,,
1184.9,0,325.5,231,156.7,1,,
1229,0,342.9,242.3,162.4,1,,
1267.1,0,358.4,252.5,167.3,1,,
1299.7,0,373.8,262.9,173.3,1,,
1355.1,0,388.3,273.7,181.5,1,,
1409.1,0,403.3,283.6,188.3,1,,
1465,0,420.6,295,195.7,1,,
1554.3,0,431.3,304.6,204.2,1,,
1585.4,0,447.9,315.2,209.4,1,,
1613.9,0,465,325.9,214.5,1,,
1654.3,0,481.7,336,219,1,2011-05-04,
31.1,0,16.6,10.6,5.2,0.8,,
89.3,0,10.7,9.6,8.5,0.8,,
55.9,0,17.3,11.4,7.4,0.8,,
54,0,15,9.9,6.8,0.8,,
55.4,0,14.5,10.8,8.2,0.8,,
32.6,0,15.4,10.4,6,0.8,,
38.1,0,15.5,10.2,4.9,0.8,,
44.1,0,17.4,11.3,5.7,0.8,,
44.4,0,18.8,12.4,6.6,0.8,,
77.1,0,19,12.2,9.4,0.8,,
26.3,0,18.4,12.1,5.9,0.8,,
49.8,0,18.4,12,8,0.8,,
70.1,0,10.7,6.7,5.8,0.8,,
41.6,0,16.2,10.8,6.6,0.8,,
49.3,0,16.8,11.2,6.3,0.8,,
32.4,0,18,13.5,8,0.8,,
83.9,0,14.5,8.9,7.4,0.8,,
59.6,0,14.2,9.7,6.1,0.8,,
58.5,0,13.9,9.7,6.1,0.8,,
61,0,15.7,11.3,7.2,0.8,,
82,0,11.4,10.5,9.1,0.8,,
74.3,0,14.2,11.4,8.7,0.8,,
57,0,15.3,10.4,7.3,0.8,,
47.4,0,18.4,13.2,7.3,0.8,,
93.6,0,14.6,13,10.6,0.8,,
74.9,0,15.7,12.5,9.9,0.8,,
57.6,0,20.7,14.2,8.5,0.8,,
44.1,0,20.6,15.3,11.9,0.8,,
41.5,0,21.8,15.9,10.6,0.8,,
85.6,0,42.4,31.2,22.5,0.8,,
143.2,0,63.1,45.4,31,0.8,,
218.1,0,78.8,57.9,40.9,0.8,,
311.7,0,93.4,70.9,51.5,0.8,,
359.1,0,111.8,84.1,58.8,0.8,,
416.1,0,127.1,94.5,66.1,0.8,,
490.4,0,141.3,105.9,74.8,0.8,,
572.4,0,152.7,116.4,83.9,0.8,,
633.4,0,168.4,127.7,91.1,0.8,,
691.9,0,182.3,137.4,97.2,0.8,,
751.5,0,196.5,147.1,103.3,0.8,,
835.4,0,211,156,110.7,0.8,,
867.8,0,229,169.5,118.7,0.8,,
917.1,0,245.8,180.7,125,0.8,,
958.7,0,262,191.5,131.6,0.8,,
1028.8,0,272.7,198.2,137.4,0.8,,
1078.6,0,291.1,210.2,145.4,0.8,,
1104.9,0,309.5,222.3,151.3,0.8,,
1182,0,328.5,234.5,160.7,0.8,,
1226.4,0,347.3,246.9,167.3,0.8,,
1270.5,0,364.7,258.2,173,0.8,,
1308.6,0,380.2,268.4,177.9,0.8,,
1341.2,0,395.6,278.8,183.9,0.8,,
1396.6,0,410.1,289.6,192.1,0.8,,
1450.6,0,425.1,299.5,198.9,0.8,,
1506.5,0,442.4,310.9,206.3,0.8,,
1595.8,0,453.1,320.5,214.8,0.8,,
1626.9,0,469.7,331.1,220,0.8,,
1655.4,0,486.8,341.8,225.1,0.8,2011-05-05,
89.3,0,10.7,9.6,8.5,0.2,,
55.9,0,17.3,11.4,7.4,0.2,,
54,0,15,9.9,6.8,0.2,,
55.4,0,14.5,10.8,8.2,0.2,,
32.6,0,15.4,10.4,6,0.2,,
38.1,0,15.5,10.2,4.9,0.2,,
44.1,0,17.4,11.3,5.7,0.2,,
44.4,0,18.8,12.4,6.6,0.2,,
77.1,0,19,12.2,9.4,0.2,,
26.3,0,18.4,12.1,5.9,0.2,,
49.8,0,18.4,12,8,0.2,,
70.1,0,10.7,6.7,5.8,0.2,,
41.6,0,16.2,10.8,6.6,0.2,,
49.3,0,16.8,11.2,6.3,0.2,,
32.4,0,18,13.5,8,0.2,,
83.9,0,14.5,8.9,7.4,0.2,,
59.6,0,14.2,9.7,6.1,0.2,,
58.5,0,13.9,9.7,6.1,0.2,,
61,0,15.7,11.3,7.2,0.2,,
82,0,11.4,10.5,9.1,0.2,,
74.3,0,14.2,11.4,8.7,0.2,,
57,0,15.3,10.4,7.3,0.2,,
47.4,0,18.4,13.2,7.3,0.2,,
93.6,0,14.6,13,10.6,0.2,,
74.9,0,15.7,12.5,9.9,0.2,,
57.6,0,20.7,14.2,8.5,0.2,,
44.1,0,20.6,15.3,11.9,0.2,,
41.5,0,21.8,15.9,10.6,0.2,,
35.9,0,23.7,17.5,12.7,0.2,,
77.4,0,45.5,33.4,23.3,0.2,,
121.5,0,66.1,48.7,35.2,0.2,,
179.1,0,86.8,62.9,43.7,0.2,,
254,0,102.5,75.4,53.6,0.2,,
347.6,0,117.1,88.4,64.2,0.2,,
395,0,135.5,101.6,71.5,0.2,,
452,0,150.8,112,78.8,0.2,,
526.3,0,165,123.4,87.5,0.2,,
608.3,0,176.4,133.9,96.6,0.2,,
669.3,0,192.1,145.2,103.8,0.2,,
727.8,0,206,154.9,109.9,0.2,,
787.4,0,220.2,164.6,116,0.2,,
871.3,0,234.7,173.5,123.4,0.2,,
903.7,0,252.7,187,131.4,0.2,,
953,0,269.5,198.2,137.7,0.2,,
994.6,0,285.7,209,144.3,0.2,,
1064.7,0,296.4,215.7,150.1,0.2,,
1114.5,0,314.8,227.7,158.1,0.2,,
1140.8,0,333.2,239.8,164,0.2,,
1217.9,0,352.2,252,173.4,0.2,,
1262.3,0,371,264.4,180,0.2,,
1306.4,0,388.4,275.7,185.7,0.2,,
1344.5,0,403.9,285.9,190.6,0.2,,
1377.1,0,419.3,296.3,196.6,0.2,,
1432.5,0,433.8,307.1,204.8,0.2,,
1486.5,0,448.8,317,211.6,0.2,,
1542.4,0,466.1,328.4,219,0.2,,
1631.7,0,476.8,338,227.5,0.2,,
1662.8,0,493.4,348.6,232.7,0.2,2011-05-06,
55.9,0,17.3,11.4,7.4,0,,
54,0,15,9.9,6.8,0,,
55.4,0,14.5,10.8,8.2,0,,
32.6,0,15.4,10.4,6,0,,
38.1,0,15.5,10.2,4.9,0,,
44.1,0,17.4,11.3,5.7,0,,
44.4,0,18.8,12.4,6.6,0,,
77.1,0,19,12.2,9.4,0,,
26.3,0,18.4,12.1,5.9,0,,
49.8,0,18.4,12,8,0,,
70.1,0,10.7,6.7,5.8,0,,
41.6,0,16.2,10.8,6.6,0,,
49.3,0,16.8,11.2,6.3,0,,
32.4,0,18,13.5,8,0,,
83.9,0,14.5,8.9,7.4,0,,
59.6,0,14.2,9.7,6.1,0,,
58.5,0,13.9,9.7,6.1,0,,
61,0,15.7,11.3,7.2,0,,
82,0,11.4,10.5,9.1,0,,
74.3,0,14.2,11.4,8.7,0,,
57,0,15.3,10.4,7.3,0,,
47.4,0,18.4,13.2,7.3,0,,
93.6,0,14.6,13,10.6,0,,
74.9,0,15.7,12.5,9.9,0,,
57.6,0,20.7,14.2,8.5,0,,
44.1,0,20.6,15.3,11.9,0,,
41.5,0,21.8,15.9,10.6,0,,
35.9,0,23.7,17.5,12.7,0,,
63.3,0.5,17.9,15.4,13.2,0,,
99.2,0.5,41.6,32.9,25.9,0,,
140.7,0.5,63.4,48.8,36.5,0,,
184.8,0.5,84,64.1,48.4,0,,
242.4,0.5,104.7,78.3,56.9,0,,
317.3,0.5,120.4,90.8,66.8,0,,
410.9,0.5,135,103.8,77.4,0,,
458.3,0.5,153.4,117,84.7,0,,
515.3,0.5,168.7,127.4,92,0,,
589.6,0.5,182.9,138.8,100.7,0,,
671.6,0.5,194.3,149.3,109.8,0,,
732.6,0.5,210,160.6,117,0,,
791.1,0.5,223.9,170.3,123.1,0,,
850.7,0.5,238.1,180,129.2,0,,
934.6,0.5,252.6,188.9,136.6,0,,
967,0.5,270.6,202.4,144.6,0,,
1016.3,0.5,287.4,213.6,150.9,0,,
1057.9,0.5,303.6,224.4,157.5,0,,
1128,0.5,314.3,231.1,163.3,0,,
1177.8,0.5,332.7,243.1,171.3,0,,
1204.1,0.5,351.1,255.2,177.2,0,,
1281.2,0.5,370.1,267.4,186.6,0,,
1325.6,0.5,388.9,279.8,193.2,0,,
1369.7,0.5,406.3,291.1,198.9,0,,
1407.8,0.5,421.8,301.3,203.8,0,,
1440.4,0.5,437.2,311.7,209.8,0,,
1495.8,0.5,451.7,322.5,218,0,,
1549.8,0.5,466.7,332.4,224.8,0,,
1605.7,0.5,484,343.8,232.2,0,,
1695,0.5,494.7,353.4,240.7,0,2011-05-07,
54,0,15,9.9,6.8,0,,
55.4,0,14.5,10.8,8.2,0,,
32.6,0,15.4,10.4,6,0,,
38.1,0,15.5,10.2,4.9,0,,
44.1,0,17.4,11.3,5.7,0,,
44.4,0,18.8,12.4,6.6,0,,
77.1,0,19,12.2,9.4,0,,
26.3,0,18.4,12.1,5.9,0,,
49.8,0,18.4,12,8,0,,
70.1,0,10.7,6.7,5.8,0,,
41.6,0,16.2,10.8,6.6,0,,
49.3,0,16.8,11.2,6.3,0,,
32.4,0,18,13.5,8,0,,
83.9,0,14.5,8.9,7.4,0,,
59.6,0,14.2,9.7,6.1,0,,
58.5,0,13.9,9.7,6.1,0,,
61,0,15.7,11.3,7.2,0,,
82,0,11.4,10.5,9.1,0,,
74.3,0,14.2,11.4,8.7,0,,
57,0,15.3,10.4,7.3,0,,
47.4,0,18.4,13.2,7.3,0,,
93.6,0,14.6,13,10.6,0,,
74.9,0,15.7,12.5,9.9,0,,
57.6,0,20.7,14.2,8.5,0,,
44.1,0,20.6,15.3,11.9,0,,
41.5,0,21.8,15.9,10.6,0,,
35.9,0,23.7,17.5,12.7,0,,
63.3,0.5,17.9,15.4,13.2,0,,
80.6,3.5,21.8,14.5,11.5,0,,
99.2,0.5,41.6,32.9,25.9,0,,
140.7,0.5,63.4,48.8,36.5,0,,
184.8,0.5,84,64.1,48.4,0,,
242.4,0.5,104.7,78.3,56.9,0,,
317.3,0.5,120.4,90.8,66.8,0,,
410.9,0.5,135,103.8,77.4,0,,
458.3,0.5,153.4,117,84.7,0,,
515.3,0.5,168.7,127.4,92,0,,
589.6,0.5,182.9,138.8,100.7,0,,
671.6,0.5,194.3,149.3,109.8,0,,
732.6,0.5,210,160.6,117,0,,
791.1,0.5,223.9,170.3,123.1,0,,
850.7,0.5,238.1,180,129.2,0,,
934.6,0.5,252.6,188.9,136.6,0,,
967,0.5,270.6,202.4,144.6,0,,
1016.3,0.5,287.4,213.6,150.9,0,,
1057.9,0.5,303.6,224.4,157.5,0,,
1128,0.5,314.3,231.1,163.3,0,,
1177.8,0.5,332.7,243.1,171.3,0,,
1204.1,0.5,351.1,255.2,177.2,0,,
1281.2,0.5,370.1,267.4,186.6,0,,
1325.6,0.5,388.9,279.8,193.2,0,,
1369.7,0.5,406.3,291.1,198.9,0,,
1407.8,0.5,421.8,301.3,203.8,0,,
1440.4,0.5,437.2,311.7,209.8,0,,
1495.8,0.5,451.7,322.5,218,0,,
1549.8,0.5,466.7,332.4,224.8,0,,
1605.7,0.5,484,343.8,232.2,0,,
1695,0.5,494.7,353.4,240.7,0,2011-05-08,
55.4,0,14.5,10.8,8.2,0.2,,
32.6,0,15.4,10.4,6,0.2,,
38.1,0,15.5,10.2,4.9,0.2,,
44.1,0,17.4,11.3,5.7,0.2,,
44.4,0,18.8,12.4,6.6,0.2,,
77.1,0,19,12.2,9.4,0.2,,
26.3,0,18.4,12.1,5.9,0.2,,
49.8,0,18.4,12,8,0.2,,
70.1,0,10.7,6.7,5.8,0.2,,
41.6,0,16.2,10.8,6.6,0.2,,
49.3,0,16.8,11.2,6.3,0.2,,
32.4,0,18,13.5,8,0.2,,
83.9,0,14.5,8.9,7.4,0.2,,
59.6,0,14.2,9.7,6.1,0.2,,
58.5,0,13.9,9.7,6.1,0.2,,
61,0,15.7,11.3,7.2,0.2,,
82,0,11.4,10.5,9.1,0.2,,
74.3,0,14.2,11.4,8.7,0.2,,
57,0,15.3,10.4,7.3,0.2,,
47.4,0,18.4,13.2,7.3,0.2,,
93.6,0,14.6,13,10.6,0.2,,
74.9,0,15.7,12.5,9.9,0.2,,
57.6,0,20.7,14.2,8.5,0.2,,
44.1,0,20.6,15.3,11.9,0.2,,
41.5,0,21.8,15.9,10.6,0.2,,
35.9,0,23.7,17.5,12.7,0.2,,
63.3,0.5,17.9,15.4,13.2,0.2,,
80.6,3.5,21.8,14.5,11.5,0.2,,
56.1,0,24.1,17.3,10.3,0.2,,
143.9,4,39.7,29.9,24.7,0.2,,
179.8,4,63.4,47.4,37.4,0.2,,
221.3,4,85.2,63.3,48,0.2,,
265.4,4,105.8,78.6,59.9,0.2,,
323,4,126.5,92.8,68.4,0.2,,
397.9,4,142.2,105.3,78.3,0.2,,
491.5,4,156.8,118.3,88.9,0.2,,
538.9,4,175.2,131.5,96.2,0.2,,
595.9,4,190.5,141.9,103.5,0.2,,
670.2,4,204.7,153.3,112.2,0.2,,
752.2,4,216.1,163.8,121.3,0.2,,
813.2,4,231.8,175.1,128.5,0.2,,
871.7,4,245.7,184.8,134.6,0.2,,
931.3,4,259.9,194.5,140.7,0.2,,
1015.2,4,274.4,203.4,148.1,0.2,,
1047.6,4,292.4,216.9,156.1,0.2,,
1096.9,4,309.2,228.1,162.4,0.2,,
1138.5,4,325.4,238.9,169,0.2,,
1208.6,4,336.1,245.6,174.8,0.2,,
1258.4,4,354.5,257.6,182.8,0.2,,
1284.7,4,372.9,269.7,188.7,0.2,,
1361.8,4,391.9,281.9,198.1,0.2,,
1406.2,4,410.7,294.3,204.7,0.2,,
1450.3,4,428.1,305.6,210.4,0.2,,
1488.4,4,443.6,315.8,215.3,0.2,,
1521,4,459,326.2,221.3,0.2,,
1576.4,4,473.5,337,229.5,0.2,,
1630.4,4,488.5,346.9,236.3,0.2,,
1686.3,4,505.8,358.3,243.7,0.2,2011-05-09,
32.6,0,15.4,10.4,6,0.4,,
38.1,0,15.5,10.2,4.9,0.4,,
44.1,0,17.4,11.3,5.7,0.4,,
44.4,0,18.8,12.4,6.6,0.4,,
77.1,0,19,12.2,9.4,0.4,,
26.3,0,18.4,12.1,5.9,0.4,,
49.8,0,18.4,12,8,0.4,,
70.1,0,10.7,6.7,5.8,0.4,,
41.6,0,16.2,10.8,6.6,0.4,,
49.3,0,16.8,11.2,6.3,0.4,,
32.4,0,18,13.5,8,0.4,,
83.9,0,14.5,8.9,7.4,0.4,,
59.6,0,14.2,9.7,6.1,0.4,,
58.5,0,13.9,9.7,6.1,0.4,,
61,0,15.7,11.3,7.2,0.4,,
82,0,11.4,10.5,9.1,0.4,,
74.3,0,14.2,11.4,8.7,0.4,,
57,0,15.3,10.4,7.3,0.4,,
47.4,0,18.4,13.2,7.3,0.4,,
93.6,0,14.6,13,10.6,0.4,,
74.9,0,15.7,12.5,9.9,0.4,,
57.6,0,20.7,14.2,8.5,0.4,,
44.1,0,20.6,15.3,11.9,0.4,,
41.5,0,21.8,15.9,10.6,0.4,,
35.9,0,23.7,17.5,12.7,0.4,,
63.3,0.5,17.9,15.4,13.2,0.4,,
80.6,3.5,21.8,14.5,11.5,0.4,,
56.1,0,24.1,17.3,10.3,0.4,,
78.8,4,22,17.6,14.6,0.4,,
136.7,3.5,45.9,31.8,21.8,0.4,,
200,4,63.8,47.2,35,0.4,,
235.9,4,87.5,64.7,47.7,0.4,,
277.4,4,109.3,80.6,58.3,0.4,,
321.5,4,129.9,95.9,70.2,0.4,,
379.1,4,150.6,110.1,78.7,0.4,,
454,4,166.3,122.6,88.6,0.4,,
547.6,4,180.9,135.6,99.2,0.4,,
595,4,199.3,148.8,106.5,0.4,,
652,4,214.6,159.2,113.8,0.4,,
726.3,4,228.8,170.6,122.5,0.4,,
808.3,4,240.2,181.1,131.6,0.4,,
869.3,4,255.9,192.4,138.8,0.4,,
927.8,4,269.8,202.1,144.9,0.4,,
987.4,4,284,211.8,151,0.4,,
1071.3,4,298.5,220.7,158.4,0.4,,
1103.7,4,316.5,234.2,166.4,0.4,,
1153,4,333.3,245.4,172.7,0.4,,
1194.6,4,349.5,256.2,179.3,0.4,,
1264.7,4,360.2,262.9,185.1,0.4,,
1314.5,4,378.6,274.9,193.1,0.4,,
1340.8,4,397,287,199,0.4,,
1417.9,4,416,299.2,208.4,0.4,,
1462.3,4,434.8,311.6,215,0.4,,
1506.4,4,452.2,322.9,220.7,0.4,,
1544.5,4,467.7,333.1,225.6,0.4,,
1577.1,4,483.1,343.5,231.6,0.4,,
1632.5,4,497.6,354.3,239.8,0.4,,
1686.5,4,512.6,364.2,246.6,0.4,2011-05-10,
38.1,0,15.5,10.2,4.9,0.4,,
44.1,0,17.4,11.3,5.7,0.4,,
44.4,0,18.8,12.4,6.6,0.4,,
77.1,0,19,12.2,9.4,0.4,,
26.3,0,18.4,12.1,5.9,0.4,,
49.8,0,18.4,12,8,0.4,,
70.1,0,10.7,6.7,5.8,0.4,,
41.6,0,16.2,10.8,6.6,0.4,,
49.3,0,16.8,11.2,6.3,0.4,,
32.4,0,18,13.5,8,0.4,,
83.9,0,14.5,8.9,7.4,0.4,,
59.6,0,14.2,9.7,6.1,0.4,,
58.5,0,13.9,9.7,6.1,0.4,,
61,0,15.7,11.3,7.2,0.4,,
82,0,11.4,10.5,9.1,0.4,,
74.3,0,14.2,11.4,8.7,0.4,,
57,0,15.3,10.4,7.3,0.4,,
47.4,0,18.4,13.2,7.3,0.4,,
93.6,0,14.6,13,10.6,0.4,,
74.9,0,15.7,12.5,9.9,0.4,,
57.6,0,20.7,14.2,8.5,0.4,,
44.1,0,20.6,15.3,11.9,0.4,,
41.5,0,21.8,15.9,10.6,0.4,,
35.9,0,23.7,17.5,12.7,0.4,,
63.3,0.5,17.9,15.4,13.2,0.4,,
80.6,3.5,21.8,14.5,11.5,0.4,,
56.1,0,24.1,17.3,10.3,0.4,,
78.8,4,22,17.6,14.6,0.4,,
89.3,6.5,18.5,16.5,14.5,0.4,,
134.9,4,46.1,34.9,24.9,0.4,,
215.5,7.5,67.9,49.4,36.4,0.4,,
278.8,8,85.8,64.8,49.6,0.4,,
314.7,8,109.5,82.3,62.3,0.4,,
356.2,8,131.3,98.2,72.9,0.4,,
400.3,8,151.9,113.5,84.8,0.4,,
457.9,8,172.6,127.7,93.3,0.4,,
532.8,8,188.3,140.2,103.2,0.4,,
626.4,8,202.9,153.2,113.8,0.4,,
673.8,8,221.3,166.4,121.1,0.4,,
730.8,8,236.6,176.8,128.4,0.4,,
805.1,8,250.8,188.2,137.1,0.4,,
887.1,8,262.2,198.7,146.2,0.4,,
948.1,8,277.9,210,153.4,0.4,,
1006.6,8,291.8,219.7,159.5,0.4,,
1066.2,8,306,229.4,165.6,0.4,,
1150.1,8,320.5,238.3,173,0.4,,
1182.5,8,338.5,251.8,181,0.4,,
1231.8,8,355.3,263,187.3,0.4,,
1273.4,8,371.5,273.8,193.9,0.4,,
1343.5,8,382.2,280.5,199.7,0.4,,
1393.3,8,400.6,292.5,207.7,0.4,,
1419.6,8,419,304.6,213.6,0.4,,
1496.7,8,438,316.8,223,0.4,,
1541.1,8,456.8,329.2,229.6,0.4,,
1585.2,8,474.2,340.5,235.3,0.4,,
1623.3,8,489.7,350.7,240.2,0.4,,
1655.9,8,505.1,361.1,246.2,0.4,,
1711.3,8,519.6,371.9,254.4,0.4,2011-05-11,
44.1,0,17.4,11.3,5.7,0,,
44.4,0,18.8,12.4,6.6,0,,
77.1,0,19,12.2,9.4,0,,
26.3,0,18.4,12.1,5.9,0,,
49.8,0,18.4,12,8,0,,
70.1,0,10.7,6.7,5.8,0,,
41.6,0,16.2,10.8,6.6,0,,
49.3,0,16.8,11.2,6.3,0,,
32.4,0,18,13.5,8,0,,
83.9,0,14.5,8.9,7.4,0,,
59.6,0,14.2,9.7,6.1,0,,
58.5,0,13.9,9.7,6.1,0,,
61,0,15.7,11.3,7.2,0,,
82,0,11.4,10.5,9.1,0,,
74.3,0,14.2,11.4,8.7,0,,
57,0,15.3,10.4,7.3,0,,
47.4,0,18.4,13.2,7.3,0,,
93.6,0,14.6,13,10.6,0,,
74.9,0,15.7,12.5,9.9,0,,
57.6,0,20.7,14.2,8.5,0,,
44.1,0,20.6,15.3,11.9,0,,
41.5,0,21.8,15.9,10.6,0,,
35.9,0,23.7,17.5,12.7,0,,
63.3,0.5,17.9,15.4,13.2,0,,
80.6,3.5,21.8,14.5,11.5,0,,
56.1,0,24.1,17.3,10.3,0,,
78.8,4,22,17.6,14.6,0,,
89.3,6.5,18.5,16.5,14.5,0,,
74.6,14,21.1,17.2,14.4,0,,
168.1,10.5,40.5,34.1,29.1,0,,
224.2,10.5,64.6,51.4,39.4,0,,
304.8,14,86.4,65.9,50.9,0,,
368.1,14.5,104.3,81.3,64.1,0,,
404,14.5,128,98.8,76.8,0,,
445.5,14.5,149.8,114.7,87.4,0,,
489.6,14.5,170.4,130,99.3,0,,
547.2,14.5,191.1,144.2,107.8,0,,
622.1,14.5,206.8,156.7,117.7,0,,
715.7,14.5,221.4,169.7,128.3,0,,
763.1,14.5,239.8,182.9,135.6,0,,
820.1,14.5,255.1,193.3,142.9,0,,
894.4,14.5,269.3,204.7,151.6,0,,
976.4,14.5,280.7,215.2,160.7,0,,
1037.4,14.5,296.4,226.5,167.9,0,,
1095.9,14.5,310.3,236.2,174,0,,
1155.5,14.5,324.5,245.9,180.1,0,,
1239.4,14.5,339,254.8,187.5,0,,
1271.8,14.5,357,268.3,195.5,0,,
1321.1,14.5,373.8,279.5,201.8,0,,
1362.7,14.5,390,290.3,208.4,0,,
1432.8,14.5,400.7,297,214.2,0,,
1482.6,14.5,419.1,309,222.2,0,,
1508.9,14.5,437.5,321.1,228.1,0,,
1586,14.5,456.5,333.3,237.5,0,,
1630.4,14.5,475.3,345.7,244.1,0,,
1674.5,14.5,492.7,357,249.8,0,,
1712.6,14.5,508.2,367.2,254.7,0,,
1745.2,14.5,523.6,377.6,260.7,0,2011-05-12,
44.4,0,18.8,12.4,6.6,0,,
77.1,0,19,12.2,9.4,0,,
26.3,0,18.4,12.1,5.9,0,,
49.8,0,18.4,12,8,0,,
70.1,0,10.7,6.7,5.8,0,,
41.6,0,16.2,10.8,6.6,0,,
49.3,0,16.8,11.2,6.3,0,,
32.4,0,18,13.5,8,0,,
83.9,0,14.5,8.9,7.4,0,,
59.6,0,14.2,9.7,6.1,0,,
58.5,0,13.9,9.7,6.1,0,,
61,0,15.7,11.3,7.2,0,,
82,0,11.4,10.5,9.1,0,,
74.3,0,14.2,11.4,8.7,0,,
57,0,15.3,10.4,7.3,0,,
47.4,0,18.4,13.2,7.3,0,,
93.6,0,14.6,13,10.6,0,,
74.9,0,15.7,12.5,9.9,0,,
57.6,0,20.7,14.2,8.5,0,,
44.1,0,20.6,15.3,11.9,0,,
41.5,0,21.8,15.9,10.6,0,,
35.9,0,23.7,17.5,12.7,0,,
63.3,0.5,17.9,15.4,13.2,0,,
80.6,3.5,21.8,14.5,11.5,0,,
56.1,0,24.1,17.3,10.3,0,,
78.8,4,22,17.6,14.6,0,,
89.3,6.5,18.5,16.5,14.5,0,,
74.6,14,21.1,17.2,14.4,0,,
64,0,20.2,15.7,11.5,0,,
163.9,20.5,39.6,33.7,28.9,0,,
242.7,24.5,61.6,51.3,43.5,0,,
298.8,24.5,85.7,68.6,53.8,0,,
379.4,28,107.5,83.1,65.3,0,,
442.7,28.5,125.4,98.5,78.5,0,,
478.6,28.5,149.1,116,91.2,0,,
520.1,28.5,170.9,131.9,101.8,0,,
564.2,28.5,191.5,147.2,113.7,0,,
621.8,28.5,212.2,161.4,122.2,0,,
696.7,28.5,227.9,173.9,132.1,0,,
790.3,28.5,242.5,186.9,142.7,0,,
837.7,28.5,260.9,200.1,150,0,,
894.7,28.5,276.2,210.5,157.3,0,,
969,28.5,290.4,221.9,166,0,,
1051,28.5,301.8,232.4,175.1,0,,
1112,28.5,317.5,243.7,182.3,0,,
1170.5,28.5,331.4,253.4,188.4,0,,
1230.1,28.5,345.6,263.1,194.5,0,,
1314,28.5,360.1,272,201.9,0,,
1346.4,28.5,378.1,285.5,209.9,0,,
1395.7,28.5,394.9,296.7,216.2,0,,
1437.3,28.5,411.1,307.5,222.8,0,,
1507.4,28.5,421.8,314.2,228.6,0,,
1557.2,28.5,440.2,326.2,236.6,0,,
1583.5,28.5,458.6,338.3,242.5,0,,
1660.6,28.5,477.6,350.5,251.9,0,,
1705,28.5,496.4,362.9,258.5,0,,
1749.1,28.5,513.8,374.2,264.2,0,,
1787.2,28.5,529.3,384.4,269.1,0,2011-05-13,
77.1,0,19,12.2,9.4,0,,
26.3,0,18.4,12.1,5.9,0,,
49.8,0,18.4,12,8,0,,
70.1,0,10.7,6.7,5.8,0,,
41.6,0,16.2,10.8,6.6,0,,
49.3,0,16.8,11.2,6.3,0,,
32.4,0,18,13.5,8,0,,
83.9,0,14.5,8.9,7.4,0,,
59.6,0,14.2,9.7,6.1,0,,
58.5,0,13.9,9.7,6.1,0,,
61,0,15.7,11.3,7.2,0,,
82,0,11.4,10.5,9.1,0,,
74.3,0,14.2,11.4,8.7,0,,
57,0,15.3,10.4,7.3,0,,
47.4,0,18.4,13.2,7.3,0,,
93.6,0,14.6,13,10.6,0,,
74.9,0,15.7,12.5,9.9,0,,
57.6,0,20.7,14.2,8.5,0,,
44.1,0,20.6,15.3,11.9,0,,
41.5,0,21.8,15.9,10.6,0,,
35.9,0,23.7,17.5,12.7,0,,
63.3,0.5,17.9,15.4,13.2,0,,
80.6,3.5,21.8,14.5,11.5,0,,
56.1,0,24.1,17.3,10.3,0,,
78.8,4,22,17.6,14.6,0,,
89.3,6.5,18.5,16.5,14.5,0,,
74.6,14,21.1,17.2,14.4,0,,
64,0,20.2,15.7,11.5,0,,
56.5,0,20.6,14.6,10.3,0,,
138.6,14,41.3,32.9,25.9,0,,
227.9,20.5,59.8,49.4,40.4,0,,
306.7,24.5,81.8,67,55,0,,
362.8,24.5,105.9,84.3,65.3,0,,
443.4,28,127.7,98.8,76.8,0,,
506.7,28.5,145.6,114.2,90,0,,
542.6,28.5,169.3,131.7,102.7,0,,
584.1,28.5,191.1,147.6,113.3,0,,
628.2,28.5,211.7,162.9,125.2,0,,
685.8,28.5,232.4,177.1,133.7,0,,
760.7,28.5,248.1,189.6,143.6,0,,
854.3,28.5,262.7,202.6,154.2,0,,
901.7,28.5,281.1,215.8,161.5,0,,
958.7,28.5,296.4,226.2,168.8,0,,
1033,28.5,310.6,237.6,177.5,0,,
1115,28.5,322,248.1,186.6,0,,
1176,28.5,337.7,259.4,193.8,0,,
1234.5,28.5,351.6,269.1,199.9,0,,
1294.1,28.5,365.8,278.8,206,0,,
1378,28.5,380.3,287.7,213.4,0,,
1410.4,28.5,398.3,301.2,221.4,0,,
1459.7,28.5,415.1,312.4,227.7,0,,
1501.3,28.5,431.3,323.2,234.3,0,,
1571.4,28.5,442,329.9,240.1,0,,
1621.2,28.5,460.4,341.9,248.1,0,,
1647.5,28.5,478.8,354,254,0,,
1724.6,28.5,497.8,366.2,263.4,0,,
1769,28.5,516.6,378.6,270,0,,
1813.1,28.5,534,389.9,275.7,0,2011-05-14,
26.3,0,18.4,12.1,5.9,2.4,,
49.8,0,18.4,12,8,2.4,,
70.1,0,10.7,6.7,5.8,2.4,,
41.6,0,16.2,10.8,6.6,2.4,,
49.3,0,16.8,11.2,6.3,2.4,,
32.4,0,18,13.5,8,2.4,,
83.9,0,14.5,8.9,7.4,2.4,,
59.6,0,14.2,9.7,6.1,2.4,,
58.5,0,13.9,9.7,6.1,2.4,,
61,0,15.7,11.3,7.2,2.4,,
82,0,11.4,10.5,9.1,2.4,,
74.3,0,14.2,11.4,8.7,2.4,,
57,0,15.3,10.4,7.3,2.4,,
47.4,0,18.4,13.2,7.3,2.4,,
93.6,0,14.6,13,10.6,2.4,,
74.9,0,15.7,12.5,9.9,2.4,,
57.6,0,20.7,14.2,8.5,2.4,,
44.1,0,20.6,15.3,11.9,2.4,,
41.5,0,21.8,15.9,10.6,2.4,,
35.9,0,23.7,17.5,12.7,2.4,,
63.3,0.5,17.9,15.4,13.2,2.4,,
80.6,3.5,21.8,14.5,11.5,2.4,,
56.1,0,24.1,17.3,10.3,2.4,,
78.8,4,22,17.6,14.6,2.4,,
89.3,6.5,18.5,16.5,14.5,2.4,,
74.6,14,21.1,17.2,14.4,2.4,,
64,0,20.2,15.7,11.5,2.4,,
56.5,0,20.6,14.6,10.3,2.4,,
39.8,0,22.9,17.2,12.1,2.4,,
120.5,0,40.8,30.3,21.8,2.4,,
195.1,14,61.9,47.5,36.2,2.4,,
284.4,20.5,80.4,64,50.7,2.4,,
363.2,24.5,102.4,81.6,65.3,2.4,,
419.3,24.5,126.5,98.9,75.6,2.4,,
499.9,28,148.3,113.4,87.1,2.4,,
563.2,28.5,166.2,128.8,100.3,2.4,,
599.1,28.5,189.9,146.3,113,2.4,,
640.6,28.5,211.7,162.2,123.6,2.4,,
684.7,28.5,232.3,177.5,135.5,2.4,,
742.3,28.5,253,191.7,144,2.4,,
817.2,28.5,268.7,204.2,153.9,2.4,,
910.8,28.5,283.3,217.2,164.5,2.4,,
958.2,28.5,301.7,230.4,171.8,2.4,,
1015.2,28.5,317,240.8,179.1,2.4,,
1089.5,28.5,331.2,252.2,187.8,2.4,,
1171.5,28.5,342.6,262.7,196.9,2.4,,
1232.5,28.5,358.3,274,204.1,2.4,,
1291,28.5,372.2,283.7,210.2,2.4,,
1350.6,28.5,386.4,293.4,216.3,2.4,,
1434.5,28.5,400.9,302.3,223.7,2.4,,
1466.9,28.5,418.9,315.8,231.7,2.4,,
1516.2,28.5,435.7,327,238,2.4,,
1557.8,28.5,451.9,337.8,244.6,2.4,,
1627.9,28.5,462.6,344.5,250.4,2.4,,
1677.7,28.5,481,356.5,258.4,2.4,,
1704,28.5,499.4,368.6,264.3,2.4,,
1781.1,28.5,518.4,380.8,273.7,2.4,,
1825.5,28.5,537.2,393.2,280.3,2.4,2011-05-15,
49.8,0,18.4,12,8,2,,
70.1,0,10.7,6.7,5.8,2,,
41.6,0,16.2,10.8,6.6,2,,
49.3,0,16.8,11.2,6.3,2,,
32.4,0,18,13.5,8,2,,
83.9,0,14.5,8.9,7.4,2,,
59.6,0,14.2,9.7,6.1,2,,
58.5,0,13.9,9.7,6.1,2,,
61,0,15.7,11.3,7.2,2,,
82,0,11.4,10.5,9.1,2,,
74.3,0,14.2,11.4,8.7,2,,
57,0,15.3,10.4,7.3,2,,
47.4,0,18.4,13.2,7.3,2,,
93.6,0,14.6,13,10.6,2,,
74.9,0,15.7,12.5,9.9,2,,
57.6,0,20.7,14.2,8.5,2,,
44.1,0,20.6,15.3,11.9,2,,
41.5,0,21.8,15.9,10.6,2,,
35.9,0,23.7,17.5,12.7,2,,
63.3,0.5,17.9,15.4,13.2,2,,
80.6,3.5,21.8,14.5,11.5,2,,
56.1,0,24.1,17.3,10.3,2,,
78.8,4,22,17.6,14.6,2,,
89.3,6.5,18.5,16.5,14.5,2,,
74.6,14,21.1,17.2,14.4,2,,
64,0,20.2,15.7,11.5,2,,
56.5,0,20.6,14.6,10.3,2,,
39.8,0,22.9,17.2,12.1,2,,
50,0,22.9,17.2,13,2,,
96.3,0,43.5,31.8,22.4,2,,
160.3,0,63.7,47.5,33.9,2,,
234.9,14,84.8,64.7,48.3,2,,
324.2,20.5,103.3,81.2,62.8,2,,
403,24.5,125.3,98.8,77.4,2,,
459.1,24.5,149.4,116.1,87.7,2,,
539.7,28,171.2,130.6,99.2,2,,
603,28.5,189.1,146,112.4,2,,
638.9,28.5,212.8,163.5,125.1,2,,
680.4,28.5,234.6,179.4,135.7,2,,
724.5,28.5,255.2,194.7,147.6,2,,
782.1,28.5,275.9,208.9,156.1,2,,
857,28.5,291.6,221.4,166,2,,
950.6,28.5,306.2,234.4,176.6,2,,
998,28.5,324.6,247.6,183.9,2,,
1055,28.5,339.9,258,191.2,2,,
1129.3,28.5,354.1,269.4,199.9,2,,
1211.3,28.5,365.5,279.9,209,2,,
1272.3,28.5,381.2,291.2,216.2,2,,
1330.8,28.5,395.1,300.9,222.3,2,,
1390.4,28.5,409.3,310.6,228.4,2,,
1474.3,28.5,423.8,319.5,235.8,2,,
1506.7,28.5,441.8,333,243.8,2,,
1556,28.5,458.6,344.2,250.1,2,,
1597.6,28.5,474.8,355,256.7,2,,
1667.7,28.5,485.5,361.7,262.5,2,,
1717.5,28.5,503.9,373.7,270.5,2,,
1743.8,28.5,522.3,385.8,276.4,2,,
1820.9,28.5,541.3,398,285.8,2,2011-05-16,
70.1,0,10.7,6.7,5.8,4.8,,
41.6,0,16.2,10.8,6.6,4.8,,
49.3,0,16.8,11.2,6.3,4.8,,
32.4,0,18,13.5,8,4.8,,
83.9,0,14.5,8.9,7.4,4.8,,
59.6,0,14.2,9.7,6.1,4.8,,
58.5,0,13.9,9.7,6.1,4.8,,
61,0,15.7,11.3,7.2,4.8,,
82,0,11.4,10.5,9.1,4.8,,
74.3,0,14.2,11.4,8.7,4.8,,
57,0,15.3,10.4,7.3,4.8,,
47.4,0,18.4,13.2,7.3,4.8,,
93.6,0,14.6,13,10.6,4.8,,
74.9,0,15.7,12.5,9.9,4.8,,
57.6,0,20.7,14.2,8.5,4.8,,
44.1,0,20.6,15.3,11.9,4.8,,
41.5,0,21.8,15.9,10.6,4.8,,
35.9,0,23.7,17.5,12.7,4.8,,
63.3,0.5,17.9,15.4,13.2,4.8,,
80.6,3.5,21.8,14.5,11.5,4.8,,
56.1,0,24.1,17.3,10.3,4.8,,
78.8,4,22,17.6,14.6,4.8,,
89.3,6.5,18.5,16.5,14.5,4.8,,
74.6,14,21.1,17.2,14.4,4.8,,
64,0,20.2,15.7,11.5,4.8,,
56.5,0,20.6,14.6,10.3,4.8,,
39.8,0,22.9,17.2,12.1,4.8,,
50,0,22.9,17.2,13,4.8,,
48.4,0,22.2,16.4,10.9,4.8,,
89.8,0,45.8,34.4,25.1,4.8,,
146.3,0,66.4,49,35.4,4.8,,
210.3,0,86.6,64.7,46.9,4.8,,
284.9,14,107.7,81.9,61.3,4.8,,
374.2,20.5,126.2,98.4,75.8,4.8,,
453,24.5,148.2,116,90.4,4.8,,
509.1,24.5,172.3,133.3,100.7,4.8,,
589.7,28,194.1,147.8,112.2,4.8,,
653,28.5,212,163.2,125.4,4.8,,
688.9,28.5,235.7,180.7,138.1,4.8,,
730.4,28.5,257.5,196.6,148.7,4.8,,
774.5,28.5,278.1,211.9,160.6,4.8,,
832.1,28.5,298.8,226.1,169.1,4.8,,
907,28.5,314.5,238.6,179,4.8,,
1000.6,28.5,329.1,251.6,189.6,4.8,,
1048,28.5,347.5,264.8,196.9,4.8,,
1105,28.5,362.8,275.2,204.2,4.8,,
1179.3,28.5,377,286.6,212.9,4.8,,
1261.3,28.5,388.4,297.1,222,4.8,,
1322.3,28.5,404.1,308.4,229.2,4.8,,
1380.8,28.5,418,318.1,235.3,4.8,,
1440.4,28.5,432.2,327.8,241.4,4.8,,
1524.3,28.5,446.7,336.7,248.8,4.8,,
1556.7,28.5,464.7,350.2,256.8,4.8,,
1606,28.5,481.5,361.4,263.1,4.8,,
1647.6,28.5,497.7,372.2,269.7,4.8,,
1717.7,28.5,508.4,378.9,275.5,4.8,,
1767.5,28.5,526.8,390.9,283.5,4.8,,
1793.8,28.5,545.2,403,289.4,4.8,2011-05-17,
41.6,0,16.2,10.8,6.6,6.2,,
49.3,0,16.8,11.2,6.3,6.2,,
32.4,0,18,13.5,8,6.2,,
83.9,0,14.5,8.9,7.4,6.2,,
59.6,0,14.2,9.7,6.1,6.2,,
58.5,0,13.9,9.7,6.1,6.2,,
61,0,15.7,11.3,7.2,6.2,,
82,0,11.4,10.5,9.1,6.2,,
74.3,0,14.2,11.4,8.7,6.2,,
57,0,15.3,10.4,7.3,6.2,,
47.4,0,18.4,13.2,7.3,6.2,,
93.6,0,14.6,13,10.6,6.2,,
74.9,0,15.7,12.5,9.9,6.2,,
57.6,0,20.7,14.2,8.5,6.2,,
44.1,0,20.6,15.3,11.9,6.2,,
41.5,0,21.8,15.9,10.6,6.2,,
35.9,0,23.7,17.5,12.7,6.2,,
63.3,0.5,17.9,15.4,13.2,6.2,,
80.6,3.5,21.8,14.5,11.5,6.2,,
56.1,0,24.1,17.3,10.3,6.2,,
78.8,4,22,17.6,14.6,6.2,,
89.3,6.5,18.5,16.5,14.5,6.2,,
74.6,14,21.1,17.2,14.4,6.2,,
64,0,20.2,15.7,11.5,6.2,,
56.5,0,20.6,14.6,10.3,6.2,,
39.8,0,22.9,17.2,12.1,6.2,,
50,0,22.9,17.2,13,6.2,,
48.4,0,22.2,16.4,10.9,6.2,,
35.4,0,22.8,17.5,11.6,6.2,,
98.4,0,45.1,33.6,23.9,6.2,,
138.2,0,68,50.8,36,6.2,,
194.7,0,88.6,65.4,46.3,6.2,,
258.7,0,108.8,81.1,57.8,6.2,,
333.3,14,129.9,98.3,72.2,6.2,,
422.6,20.5,148.4,114.8,86.7,6.2,,
501.4,24.5,170.4,132.4,101.3,6.2,,
557.5,24.5,194.5,149.7,111.6,6.2,,
638.1,28,216.3,164.2,123.1,6.2,,
701.4,28.5,234.2,179.6,136.3,6.2,,
737.3,28.5,257.9,197.1,149,6.2,,
778.8,28.5,279.7,213,159.6,6.2,,
822.9,28.5,300.3,228.3,171.5,6.2,,
880.5,28.5,321,242.5,180,6.2,,
955.4,28.5,336.7,255,189.9,6.2,,
1049,28.5,351.3,268,200.5,6.2,,
1096.4,28.5,369.7,281.2,207.8,6.2,,
1153.4,28.5,385,291.6,215.1,6.2,,
1227.7,28.5,399.2,303,223.8,6.2,,
1309.7,28.5,410.6,313.5,232.9,6.2,,
1370.7,28.5,426.3,324.8,240.1,6.2,,
1429.2,28.5,440.2,334.5,246.2,6.2,,
1488.8,28.5,454.4,344.2,252.3,6.2,,
1572.7,28.5,468.9,353.1,259.7,6.2,,
1605.1,28.5,486.9,366.6,267.7,6.2,,
1654.4,28.5,503.7,377.8,274,6.2,,
1696,28.5,519.9,388.6,280.6,6.2,,
1766.1,28.5,530.6,395.3,286.4,6.2,,
1815.9,28.5,549,407.3,294.4,6.2,2011-05-18,
49.3,0,16.8,11.2,6.3,3.8,,
32.4,0,18,13.5,8,3.8,,
83.9,0,14.5,8.9,7.4,3.8,,
59.6,0,14.2,9.7,6.1,3.8,,
58.5,0,13.9,9.7,6.1,3.8,,
61,0,15.7,11.3,7.2,3.8,,
82,0,11.4,10.5,9.1,3.8,,
74.3,0,14.2,11.4,8.7,3.8,,
57,0,15.3,10.4,7.3,3.8,,
47.4,0,18.4,13.2,7.3,3.8,,
93.6,0,14.6,13,10.6,3.8,,
74.9,0,15.7,12.5,9.9,3.8,,
57.6,0,20.7,14.2,8.5,3.8,,
44.1,0,20.6,15.3,11.9,3.8,,
41.5,0,21.8,15.9,10.6,3.8,,
35.9,0,23.7,17.5,12.7,3.8,,
63.3,0.5,17.9,15.4,13.2,3.8,,
80.6,3.5,21.8,14.5,11.5,3.8,,
56.1,0,24.1,17.3,10.3,3.8,,
78.8,4,22,17.6,14.6,3.8,,
89.3,6.5,18.5,16.5,14.5,3.8,,
74.6,14,21.1,17.2,14.4,3.8,,
64,0,20.2,15.7,11.5,3.8,,
56.5,0,20.6,14.6,10.3,3.8,,
39.8,0,22.9,17.2,12.1,3.8,,
50,0,22.9,17.2,13,3.8,,
48.4,0,22.2,16.4,10.9,3.8,,
35.4,0,22.8,17.5,11.6,3.8,,
40.9,0,25.4,20.5,13.8,3.8,,
83.8,0,45,33.9,22.5,3.8,,
133.8,0,67.9,51.1,35.5,3.8,,
173.6,0,90.8,68.3,47.6,3.8,,
230.1,0,111.4,82.9,57.9,3.8,,
294.1,0,131.6,98.6,69.4,3.8,,
368.7,14,152.7,115.8,83.8,3.8,,
458,20.5,171.2,132.3,98.3,3.8,,
536.8,24.5,193.2,149.9,112.9,3.8,,
592.9,24.5,217.3,167.2,123.2,3.8,,
673.5,28,239.1,181.7,134.7,3.8,,
736.8,28.5,257,197.1,147.9,3.8,,
772.7,28.5,280.7,214.6,160.6,3.8,,
814.2,28.5,302.5,230.5,171.2,3.8,,
858.3,28.5,323.1,245.8,183.1,3.8,,
915.9,28.5,343.8,260,191.6,3.8,,
990.8,28.5,359.5,272.5,201.5,3.8,,
1084.4,28.5,374.1,285.5,212.1,3.8,,
1131.8,28.5,392.5,298.7,219.4,3.8,,
1188.8,28.5,407.8,309.1,226.7,3.8,,
1263.1,28.5,422,320.5,235.4,3.8,,
1345.1,28.5,433.4,331,244.5,3.8,,
1406.1,28.5,449.1,342.3,251.7,3.8,,
1464.6,28.5,463,352,257.8,3.8,,
1524.2,28.5,477.2,361.7,263.9,3.8,,
1608.1,28.5,491.7,370.6,271.3,3.8,,
1640.5,28.5,509.7,384.1,279.3,3.8,,
1689.8,28.5,526.5,395.3,285.6,3.8,,
1731.4,28.5,542.7,406.1,292.2,3.8,,
1801.5,28.5,553.4,412.8,298,3.8,2011-05-19,
32.4,0,18,13.5,8,56.6,,
83.9,0,14.5,8.9,7.4,56.6,,
59.6,0,14.2,9.7,6.1,56.6,,
58.5,0,13.9,9.7,6.1,56.6,,
61,0,15.7,11.3,7.2,56.6,,
82,0,11.4,10.5,9.1,56.6,,
74.3,0,14.2,11.4,8.7,56.6,,
57,0,15.3,10.4,7.3,56.6,,
47.4,0,18.4,13.2,7.3,56.6,,
93.6,0,14.6,13,10.6,56.6,,
74.9,0,15.7,12.5,9.9,56.6,,
57.6,0,20.7,14.2,8.5,56.6,,
44.1,0,20.6,15.3,11.9,56.6,,
41.5,0,21.8,15.9,10.6,56.6,,
35.9,0,23.7,17.5,12.7,56.6,,
63.3,0.5,17.9,15.4,13.2,56.6,,
80.6,3.5,21.8,14.5,11.5,56.6,,
56.1,0,24.1,17.3,10.3,56.6,,
78.8,4,22,17.6,14.6,56.6,,
89.3,6.5,18.5,16.5,14.5,56.6,,
74.6,14,21.1,17.2,14.4,56.6,,
64,0,20.2,15.7,11.5,56.6,,
56.5,0,20.6,14.6,10.3,56.6,,
39.8,0,22.9,17.2,12.1,56.6,,
50,0,22.9,17.2,13,56.6,,
48.4,0,22.2,16.4,10.9,56.6,,
35.4,0,22.8,17.5,11.6,56.6,,
40.9,0,25.4,20.5,13.8,56.6,,
60.4,0,23.6,20.7,18.8,56.6,,
76.3,0,48.2,38,25.4,56.6,,
124.7,0,70.4,54.4,36.3,56.6,,
174.7,0,93.3,71.6,49.3,56.6,,
214.5,0,116.2,88.8,61.4,56.6,,
271,0,136.8,103.4,71.7,56.6,,
335,0,157,119.1,83.2,56.6,,
409.6,14,178.1,136.3,97.6,56.6,,
498.9,20.5,196.6,152.8,112.1,56.6,,
577.7,24.5,218.6,170.4,126.7,56.6,,
633.8,24.5,242.7,187.7,137,56.6,,
714.4,28,264.5,202.2,148.5,56.6,,
777.7,28.5,282.4,217.6,161.7,56.6,,
813.6,28.5,306.1,235.1,174.4,56.6,,
855.1,28.5,327.9,251,185,56.6,,
899.2,28.5,348.5,266.3,196.9,56.6,,
956.8,28.5,369.2,280.5,205.4,56.6,,
1031.7,28.5,384.9,293,215.3,56.6,,
1125.3,28.5,399.5,306,225.9,56.6,,
1172.7,28.5,417.9,319.2,233.2,56.6,,
1229.7,28.5,433.2,329.6,240.5,56.6,,
1304,28.5,447.4,341,249.2,56.6,,
1386,28.5,458.8,351.5,258.3,56.6,,
1447,28.5,474.5,362.8,265.5,56.6,,
1505.5,28.5,488.4,372.5,271.6,56.6,,
1565.1,28.5,502.6,382.2,277.7,56.6,,
1649,28.5,517.1,391.1,285.1,56.6,,
1681.4,28.5,535.1,404.6,293.1,56.6,,
1730.7,28.5,551.9,415.8,299.4,56.6,,
1772.3,28.5,568.1,426.6,306,56.6,2011-05-20,
83.9,0,14.5,8.9,7.4,7.8,,
59.6,0,14.2,9.7,6.1,7.8,,
58.5,0,13.9,9.7,6.1,7.8,,
61,0,15.7,11.3,7.2,7.8,,
82,0,11.4,10.5,9.1,7.8,,
74.3,0,14.2,11.4,8.7,7.8,,
57,0,15.3,10.4,7.3,7.8,,
47.4,0,18.4,13.2,7.3,7.8,,
93.6,0,14.6,13,10.6,7.8,,
74.9,0,15.7,12.5,9.9,7.8,,
57.6,0,20.7,14.2,8.5,7.8,,
44.1,0,20.6,15.3,11.9,7.8,,
41.5,0,21.8,15.9,10.6,7.8,,
35.9,0,23.7,17.5,12.7,7.8,,
63.3,0.5,17.9,15.4,13.2,7.8,,
80.6,3.5,21.8,14.5,11.5,7.8,,
56.1,0,24.1,17.3,10.3,7.8,,
78.8,4,22,17.6,14.6,7.8,,
89.3,6.5,18.5,16.5,14.5,7.8,,
74.6,14,21.1,17.2,14.4,7.8,,
64,0,20.2,15.7,11.5,7.8,,
56.5,0,20.6,14.6,10.3,7.8,,
39.8,0,22.9,17.2,12.1,7.8,,
50,0,22.9,17.2,13,7.8,,
48.4,0,22.2,16.4,10.9,7.8,,
35.4,0,22.8,17.5,11.6,7.8,,
40.9,0,25.4,20.5,13.8,7.8,,
60.4,0,23.6,20.7,18.8,7.8,,
89.8,15,20.5,17.5,15.6,7.8,,
101.3,0,49,41.2,32.6,7.8,,
136.7,0,71.8,58.7,44.2,7.8,,
185.1,0,94,75.1,55.1,7.8,,
235.1,0,116.9,92.3,68.1,7.8,,
274.9,0,139.8,109.5,80.2,7.8,,
331.4,0,160.4,124.1,90.5,7.8,,
395.4,0,180.6,139.8,102,7.8,,
470,14,201.7,157,116.4,7.8,,
559.3,20.5,220.2,173.5,130.9,7.8,,
638.1,24.5,242.2,191.1,145.5,7.8,,
694.2,24.5,266.3,208.4,155.8,7.8,,
774.8,28,288.1,222.9,167.3,7.8,,
838.1,28.5,306,238.3,180.5,7.8,,
874,28.5,329.7,255.8,193.2,7.8,,
915.5,28.5,351.5,271.7,203.8,7.8,,
959.6,28.5,372.1,287,215.7,7.8,,
1017.2,28.5,392.8,301.2,224.2,7.8,,
1092.1,28.5,408.5,313.7,234.1,7.8,,
1185.7,28.5,423.1,326.7,244.7,7.8,,
1233.1,28.5,441.5,339.9,252,7.8,,
1290.1,28.5,456.8,350.3,259.3,7.8,,
1364.4,28.5,471,361.7,268,7.8,,
1446.4,28.5,482.4,372.2,277.1,7.8,,
1507.4,28.5,498.1,383.5,284.3,7.8,,
1565.9,28.5,512,393.2,290.4,7.8,,
1625.5,28.5,526.2,402.9,296.5,7.8,,
1709.4,28.5,540.7,411.8,303.9,7.8,,
1741.8,28.5,558.7,425.3,311.9,7.8,,
1791.1,28.5,575.5,436.5,318.2,7.8,2011-05-21,
59.6,0,14.2,9.7,6.1,10.6,,
58.5,0,13.9,9.7,6.1,10.6,,
61,0,15.7,11.3,7.2,10.6,,
82,0,11.4,10.5,9.1,10.6,,
74.3,0,14.2,11.4,8.7,10.6,,
57,0,15.3,10.4,7.3,10.6,,
47.4,0,18.4,13.2,7.3,10.6,,
93.6,0,14.6,13,10.6,10.6,,
74.9,0,15.7,12.5,9.9,10.6,,
57.6,0,20.7,14.2,8.5,10.6,,
44.1,0,20.6,15.3,11.9,10.6,,
41.5,0,21.8,15.9,10.6,10.6,,
35.9,0,23.7,17.5,12.7,10.6,,
63.3,0.5,17.9,15.4,13.2,10.6,,
80.6,3.5,21.8,14.5,11.5,10.6,,
56.1,0,24.1,17.3,10.3,10.6,,
78.8,4,22,17.6,14.6,10.6,,
89.3,6.5,18.5,16.5,14.5,10.6,,
74.6,14,21.1,17.2,14.4,10.6,,
64,0,20.2,15.7,11.5,10.6,,
56.5,0,20.6,14.6,10.3,10.6,,
39.8,0,22.9,17.2,12.1,10.6,,
50,0,22.9,17.2,13,10.6,,
48.4,0,22.2,16.4,10.9,10.6,,
35.4,0,22.8,17.5,11.6,10.6,,
40.9,0,25.4,20.5,13.8,10.6,,
60.4,0,23.6,20.7,18.8,10.6,,
89.8,15,20.5,17.5,15.6,10.6,,
85.1,2,17.7,14.5,12.6,10.6,,
150.2,15,44.1,38.2,34.4,10.6,,
191.1,15,69.5,58.7,48.2,10.6,,
226.5,15,92.3,76.2,59.8,10.6,,
274.9,15,114.5,92.6,70.7,10.6,,
324.9,15,137.4,109.8,83.7,10.6,,
364.7,15,160.3,127,95.8,10.6,,
421.2,15,180.9,141.6,106.1,10.6,,
485.2,15,201.1,157.3,117.6,10.6,,
559.8,29,222.2,174.5,132,10.6,,
649.1,35.5,240.7,191,146.5,10.6,,
727.9,39.5,262.7,208.6,161.1,10.6,,
784,39.5,286.8,225.9,171.4,10.6,,
864.6,43,308.6,240.4,182.9,10.6,,
927.9,43.5,326.5,255.8,196.1,10.6,,
963.8,43.5,350.2,273.3,208.8,10.6,,
1005.3,43.5,372,289.2,219.4,10.6,,
1049.4,43.5,392.6,304.5,231.3,10.6,,
1107,43.5,413.3,318.7,239.8,10.6,,
1181.9,43.5,429,331.2,249.7,10.6,,
1275.5,43.5,443.6,344.2,260.3,10.6,,
1322.9,43.5,462,357.4,267.6,10.6,,
1379.9,43.5,477.3,367.8,274.9,10.6,,
1454.2,43.5,491.5,379.2,283.6,10.6,,
1536.2,43.5,502.9,389.7,292.7,10.6,,
1597.2,43.5,518.6,401,299.9,10.6,,
1655.7,43.5,532.5,410.7,306,10.6,,
1715.3,43.5,546.7,420.4,312.1,10.6,,
1799.2,43.5,561.2,429.3,319.5,10.6,,
1831.6,43.5,579.2,442.8,327.5,10.6,2011-05-22,
58.5,0,13.9,9.7,6.1,4.4,,
61,0,15.7,11.3,7.2,4.4,,
82,0,11.4,10.5,9.1,4.4,,
74.3,0,14.2,11.4,8.7,4.4,,
57,0,15.3,10.4,7.3,4.4,,
47.4,0,18.4,13.2,7.3,4.4,,
93.6,0,14.6,13,10.6,4.4,,
74.9,0,15.7,12.5,9.9,4.4,,
57.6,0,20.7,14.2,8.5,4.4,,
44.1,0,20.6,15.3,11.9,4.4,,
41.5,0,21.8,15.9,10.6,4.4,,
35.9,0,23.7,17.5,12.7,4.4,,
63.3,0.5,17.9,15.4,13.2,4.4,,
80.6,3.5,21.8,14.5,11.5,4.4,,
56.1,0,24.1,17.3,10.3,4.4,,
78.8,4,22,17.6,14.6,4.4,,
89.3,6.5,18.5,16.5,14.5,4.4,,
74.6,14,21.1,17.2,14.4,4.4,,
64,0,20.2,15.7,11.5,4.4,,
56.5,0,20.6,14.6,10.3,4.4,,
39.8,0,22.9,17.2,12.1,4.4,,
50,0,22.9,17.2,13,4.4,,
48.4,0,22.2,16.4,10.9,4.4,,
35.4,0,22.8,17.5,11.6,4.4,,
40.9,0,25.4,20.5,13.8,4.4,,
60.4,0,23.6,20.7,18.8,4.4,,
89.8,15,20.5,17.5,15.6,4.4,,
85.1,2,17.7,14.5,12.6,4.4,,
57.8,0,23.3,17.3,10.7,4.4,,
174.9,17,38.2,32,28.2,4.4,,
235.3,17,61.8,52.7,47,4.4,,
276.2,17,87.2,73.2,60.8,4.4,,
311.6,17,110,90.7,72.4,4.4,,
360,17,132.2,107.1,83.3,4.4,,
410,17,155.1,124.3,96.3,4.4,,
449.8,17,178,141.5,108.4,4.4,,
506.3,17,198.6,156.1,118.7,4.4,,
570.3,17,218.8,171.8,130.2,4.4,,
644.9,31,239.9,189,144.6,4.4,,
734.2,37.5,258.4,205.5,159.1,4.4,,
813,41.5,280.4,223.1,173.7,4.4,,
869.1,41.5,304.5,240.4,184,4.4,,
949.7,45,326.3,254.9,195.5,4.4,,
1013,45.5,344.2,270.3,208.7,4.4,,
1048.9,45.5,367.9,287.8,221.4,4.4,,
1090.4,45.5,389.7,303.7,232,4.4,,
1134.5,45.5,410.3,319,243.9,4.4,,
1192.1,45.5,431,333.2,252.4,4.4,,
1267,45.5,446.7,345.7,262.3,4.4,,
1360.6,45.5,461.3,358.7,272.9,4.4,,
1408,45.5,479.7,371.9,280.2,4.4,,
1465,45.5,495,382.3,287.5,4.4,,
1539.3,45.5,509.2,393.7,296.2,4.4,,
1621.3,45.5,520.6,404.2,305.3,4.4,,
1682.3,45.5,536.3,415.5,312.5,4.4,,
1740.8,45.5,550.2,425.2,318.6,4.4,,
1800.4,45.5,564.4,434.9,324.7,4.4,,
1884.3,45.5,578.9,443.8,332.1,4.4,"2011-05-23 (22일까지의 데이터를 사용,모기는 23일꺼 사용)",
61,0,15.7,11.3,7.2,5.6,,
82,0,11.4,10.5,9.1,5.6,,
74.3,0,14.2,11.4,8.7,5.6,,
57,0,15.3,10.4,7.3,5.6,,
47.4,0,18.4,13.2,7.3,5.6,,
93.6,0,14.6,13,10.6,5.6,,
74.9,0,15.7,12.5,9.9,5.6,,
57.6,0,20.7,14.2,8.5,5.6,,
44.1,0,20.6,15.3,11.9,5.6,,
41.5,0,21.8,15.9,10.6,5.6,,
35.9,0,23.7,17.5,12.7,5.6,,
63.3,0.5,17.9,15.4,13.2,5.6,,
80.6,3.5,21.8,14.5,11.5,5.6,,
56.1,0,24.1,17.3,10.3,5.6,,
78.8,4,22,17.6,14.6,5.6,,
89.3,6.5,18.5,16.5,14.5,5.6,,
74.6,14,21.1,17.2,14.4,5.6,,
64,0,20.2,15.7,11.5,5.6,,
56.5,0,20.6,14.6,10.3,5.6,,
39.8,0,22.9,17.2,12.1,5.6,,
50,0,22.9,17.2,13,5.6,,
48.4,0,22.2,16.4,10.9,5.6,,
35.4,0,22.8,17.5,11.6,5.6,,
40.9,0,25.4,20.5,13.8,5.6,,
60.4,0,23.6,20.7,18.8,5.6,,
89.8,15,20.5,17.5,15.6,5.6,,
85.1,2,17.7,14.5,12.6,5.6,,
57.8,0,23.3,17.3,10.7,5.6,,
45.3,0,25.9,19.5,15.3,5.6,,
142.9,2,41,31.8,23.3,5.6,,
232.7,17,61.5,49.3,38.9,5.6,,
293.1,17,85.1,70,57.7,5.6,,
334,17,110.5,90.5,71.5,5.6,,
369.4,17,133.3,108,83.1,5.6,,
417.8,17,155.5,124.4,94,5.6,,
467.8,17,178.4,141.6,107,5.6,,
507.6,17,201.3,158.8,119.1,5.6,,
564.1,17,221.9,173.4,129.4,5.6,,
628.1,17,242.1,189.1,140.9,5.6,,
702.7,31,263.2,206.3,155.3,5.6,,
792,37.5,281.7,222.8,169.8,5.6,,
870.8,41.5,303.7,240.4,184.4,5.6,,
926.9,41.5,327.8,257.7,194.7,5.6,,
1007.5,45,349.6,272.2,206.2,5.6,,
1070.8,45.5,367.5,287.6,219.4,5.6,,
1106.7,45.5,391.2,305.1,232.1,5.6,,
1148.2,45.5,413,321,242.7,5.6,,
1192.3,45.5,433.6,336.3,254.6,5.6,,
1249.9,45.5,454.3,350.5,263.1,5.6,,
1324.8,45.5,470,363,273,5.6,,
1418.4,45.5,484.6,376,283.6,5.6,,
1465.8,45.5,503,389.2,290.9,5.6,,
1522.8,45.5,518.3,399.6,298.2,5.6,,
1597.1,45.5,532.5,411,306.9,5.6,,
1679.1,45.5,543.9,421.5,316,5.6,,
1740.1,45.5,559.6,432.8,323.2,5.6,,
1798.6,45.5,573.5,442.5,329.3,5.6,,
1858.2,45.5,587.7,452.2,335.4,5.6,2011-05-24,
82,0,11.4,10.5,9.1,6.2,,
74.3,0,14.2,11.4,8.7,6.2,,
57,0,15.3,10.4,7.3,6.2,,
47.4,0,18.4,13.2,7.3,6.2,,
93.6,0,14.6,13,10.6,6.2,,
74.9,0,15.7,12.5,9.9,6.2,,
57.6,0,20.7,14.2,8.5,6.2,,
44.1,0,20.6,15.3,11.9,6.2,,
41.5,0,21.8,15.9,10.6,6.2,,
35.9,0,23.7,17.5,12.7,6.2,,
63.3,0.5,17.9,15.4,13.2,6.2,,
80.6,3.5,21.8,14.5,11.5,6.2,,
56.1,0,24.1,17.3,10.3,6.2,,
78.8,4,22,17.6,14.6,6.2,,
89.3,6.5,18.5,16.5,14.5,6.2,,
74.6,14,21.1,17.2,14.4,6.2,,
64,0,20.2,15.7,11.5,6.2,,
56.5,0,20.6,14.6,10.3,6.2,,
39.8,0,22.9,17.2,12.1,6.2,,
50,0,22.9,17.2,13,6.2,,
48.4,0,22.2,16.4,10.9,6.2,,
35.4,0,22.8,17.5,11.6,6.2,,
40.9,0,25.4,20.5,13.8,6.2,,
60.4,0,23.6,20.7,18.8,6.2,,
89.8,15,20.5,17.5,15.6,6.2,,
85.1,2,17.7,14.5,12.6,6.2,,
57.8,0,23.3,17.3,10.7,6.2,,
45.3,0,25.9,19.5,15.3,6.2,,
39.5,0,28,21.5,14.1,6.2,,
103.1,0,49.2,36.8,26,6.2,,
188.2,2,66.9,51.3,38.6,6.2,,
278,17,87.4,68.8,54.2,6.2,,
338.4,17,111,89.5,73,6.2,,
379.3,17,136.4,110,86.8,6.2,,
414.7,17,159.2,127.5,98.4,6.2,,
463.1,17,181.4,143.9,109.3,6.2,,
513.1,17,204.3,161.1,122.3,6.2,,
552.9,17,227.2,178.3,134.4,6.2,,
609.4,17,247.8,192.9,144.7,6.2,,
673.4,17,268,208.6,156.2,6.2,,
748,31,289.1,225.8,170.6,6.2,,
837.3,37.5,307.6,242.3,185.1,6.2,,
916.1,41.5,329.6,259.9,199.7,6.2,,
972.2,41.5,353.7,277.2,210,6.2,,
1052.8,45,375.5,291.7,221.5,6.2,,
1116.1,45.5,393.4,307.1,234.7,6.2,,
1152,45.5,417.1,324.6,247.4,6.2,,
1193.5,45.5,438.9,340.5,258,6.2,,
1237.6,45.5,459.5,355.8,269.9,6.2,,
1295.2,45.5,480.2,370,278.4,6.2,,
1370.1,45.5,495.9,382.5,288.3,6.2,,
1463.7,45.5,510.5,395.5,298.9,6.2,,
1511.1,45.5,528.9,408.7,306.2,6.2,,
1568.1,45.5,544.2,419.1,313.5,6.2,,
1642.4,45.5,558.4,430.5,322.2,6.2,,
1724.4,45.5,569.8,441,331.3,6.2,,
1785.4,45.5,585.5,452.3,338.5,6.2,,
1843.9,45.5,599.4,462,344.6,6.2,2011-05-25,
74.3,0,14.2,11.4,8.7,6.6,,
57,0,15.3,10.4,7.3,6.6,,
47.4,0,18.4,13.2,7.3,6.6,,
93.6,0,14.6,13,10.6,6.6,,
74.9,0,15.7,12.5,9.9,6.6,,
57.6,0,20.7,14.2,8.5,6.6,,
44.1,0,20.6,15.3,11.9,6.6,,
41.5,0,21.8,15.9,10.6,6.6,,
35.9,0,23.7,17.5,12.7,6.6,,
63.3,0.5,17.9,15.4,13.2,6.6,,
80.6,3.5,21.8,14.5,11.5,6.6,,
56.1,0,24.1,17.3,10.3,6.6,,
78.8,4,22,17.6,14.6,6.6,,
89.3,6.5,18.5,16.5,14.5,6.6,,
74.6,14,21.1,17.2,14.4,6.6,,
64,0,20.2,15.7,11.5,6.6,,
56.5,0,20.6,14.6,10.3,6.6,,
39.8,0,22.9,17.2,12.1,6.6,,
50,0,22.9,17.2,13,6.6,,
48.4,0,22.2,16.4,10.9,6.6,,
35.4,0,22.8,17.5,11.6,6.6,,
40.9,0,25.4,20.5,13.8,6.6,,
60.4,0,23.6,20.7,18.8,6.6,,
89.8,15,20.5,17.5,15.6,6.6,,
85.1,2,17.7,14.5,12.6,6.6,,
57.8,0,23.3,17.3,10.7,6.6,,
45.3,0,25.9,19.5,15.3,6.6,,
39.5,0,28,21.5,14.1,6.6,,
41.4,0,28.2,22.7,16.7,6.6,,
84.8,0,53.9,41,29.4,6.6,,
142.6,0,77.2,58.3,40.1,6.6,,
227.7,2,94.9,72.8,52.7,6.6,,
317.5,17,115.4,90.3,68.3,6.6,,
377.9,17,139,111,87.1,6.6,,
418.8,17,164.4,131.5,100.9,6.6,,
454.2,17,187.2,149,112.5,6.6,,
502.6,17,209.4,165.4,123.4,6.6,,
552.6,17,232.3,182.6,136.4,6.6,,
592.4,17,255.2,199.8,148.5,6.6,,
648.9,17,275.8,214.4,158.8,6.6,,
712.9,17,296,230.1,170.3,6.6,,
787.5,31,317.1,247.3,184.7,6.6,,
876.8,37.5,335.6,263.8,199.2,6.6,,
955.6,41.5,357.6,281.4,213.8,6.6,,
1011.7,41.5,381.7,298.7,224.1,6.6,,
1092.3,45,403.5,313.2,235.6,6.6,,
1155.6,45.5,421.4,328.6,248.8,6.6,,
1191.5,45.5,445.1,346.1,261.5,6.6,,
1233,45.5,466.9,362,272.1,6.6,,
1277.1,45.5,487.5,377.3,284,6.6,,
1334.7,45.5,508.2,391.5,292.5,6.6,,
1409.6,45.5,523.9,404,302.4,6.6,,
1503.2,45.5,538.5,417,313,6.6,,
1550.6,45.5,556.9,430.2,320.3,6.6,,
1607.6,45.5,572.2,440.6,327.6,6.6,,
1681.9,45.5,586.4,452,336.3,6.6,,
1763.9,45.5,597.8,462.5,345.4,6.6,,
1824.9,45.5,613.5,473.8,352.6,6.6,2011-05-26,
57,0,15.3,10.4,7.3,23.6,,
47.4,0,18.4,13.2,7.3,23.6,,
93.6,0,14.6,13,10.6,23.6,,
74.9,0,15.7,12.5,9.9,23.6,,
57.6,0,20.7,14.2,8.5,23.6,,
44.1,0,20.6,15.3,11.9,23.6,,
41.5,0,21.8,15.9,10.6,23.6,,
35.9,0,23.7,17.5,12.7,23.6,,
63.3,0.5,17.9,15.4,13.2,23.6,,
80.6,3.5,21.8,14.5,11.5,23.6,,
56.1,0,24.1,17.3,10.3,23.6,,
78.8,4,22,17.6,14.6,23.6,,
89.3,6.5,18.5,16.5,14.5,23.6,,
74.6,14,21.1,17.2,14.4,23.6,,
64,0,20.2,15.7,11.5,23.6,,
56.5,0,20.6,14.6,10.3,23.6,,
39.8,0,22.9,17.2,12.1,23.6,,
50,0,22.9,17.2,13,23.6,,
48.4,0,22.2,16.4,10.9,23.6,,
35.4,0,22.8,17.5,11.6,23.6,,
40.9,0,25.4,20.5,13.8,23.6,,
60.4,0,23.6,20.7,18.8,23.6,,
89.8,15,20.5,17.5,15.6,23.6,,
85.1,2,17.7,14.5,12.6,23.6,,
57.8,0,23.3,17.3,10.7,23.6,,
45.3,0,25.9,19.5,15.3,23.6,,
39.5,0,28,21.5,14.1,23.6,,
41.4,0,28.2,22.7,16.7,23.6,,
47.9,0,24,20.7,17.9,23.6,,
80.9,0,56.2,44.2,30.8,23.6,,
126.2,0,82.1,63.7,46.1,23.6,,
184,0,105.4,81,56.8,23.6,,
269.1,2,123.1,95.5,69.4,23.6,,
358.9,17,143.6,113,85,23.6,,
419.3,17,167.2,133.7,103.8,23.6,,
460.2,17,192.6,154.2,117.6,23.6,,
495.6,17,215.4,171.7,129.2,23.6,,
544,17,237.6,188.1,140.1,23.6,,
594,17,260.5,205.3,153.1,23.6,,
633.8,17,283.4,222.5,165.2,23.6,,
690.3,17,304,237.1,175.5,23.6,,
754.3,17,324.2,252.8,187,23.6,,
828.9,31,345.3,270,201.4,23.6,,
918.2,37.5,363.8,286.5,215.9,23.6,,
997,41.5,385.8,304.1,230.5,23.6,,
1053.1,41.5,409.9,321.4,240.8,23.6,,
1133.7,45,431.7,335.9,252.3,23.6,,
1197,45.5,449.6,351.3,265.5,23.6,,
1232.9,45.5,473.3,368.8,278.2,23.6,,
1274.4,45.5,495.1,384.7,288.8,23.6,,
1318.5,45.5,515.7,400,300.7,23.6,,
1376.1,45.5,536.4,414.2,309.2,23.6,,
1451,45.5,552.1,426.7,319.1,23.6,,
1544.6,45.5,566.7,439.7,329.7,23.6,,
1592,45.5,585.1,452.9,337,23.6,,
1649,45.5,600.4,463.3,344.3,23.6,,
1723.3,45.5,614.6,474.7,353,23.6,,
1805.3,45.5,626,485.2,362.1,23.6,2011-05-27,
47.4,0,18.4,13.2,7.3,6.2,,
93.6,0,14.6,13,10.6,6.2,,
74.9,0,15.7,12.5,9.9,6.2,,
57.6,0,20.7,14.2,8.5,6.2,,
44.1,0,20.6,15.3,11.9,6.2,,
41.5,0,21.8,15.9,10.6,6.2,,
35.9,0,23.7,17.5,12.7,6.2,,
63.3,0.5,17.9,15.4,13.2,6.2,,
80.6,3.5,21.8,14.5,11.5,6.2,,
56.1,0,24.1,17.3,10.3,6.2,,
78.8,4,22,17.6,14.6,6.2,,
89.3,6.5,18.5,16.5,14.5,6.2,,
74.6,14,21.1,17.2,14.4,6.2,,
64,0,20.2,15.7,11.5,6.2,,
56.5,0,20.6,14.6,10.3,6.2,,
39.8,0,22.9,17.2,12.1,6.2,,
50,0,22.9,17.2,13,6.2,,
48.4,0,22.2,16.4,10.9,6.2,,
35.4,0,22.8,17.5,11.6,6.2,,
40.9,0,25.4,20.5,13.8,6.2,,
60.4,0,23.6,20.7,18.8,6.2,,
89.8,15,20.5,17.5,15.6,6.2,,
85.1,2,17.7,14.5,12.6,6.2,,
57.8,0,23.3,17.3,10.7,6.2,,
45.3,0,25.9,19.5,15.3,6.2,,
39.5,0,28,21.5,14.1,6.2,,
41.4,0,28.2,22.7,16.7,6.2,,
47.9,0,24,20.7,17.9,6.2,,
53.5,0,24.5,20.1,15.6,6.2,,
89.3,0,52.2,43.4,34.6,6.2,,
128.8,0,80.2,64.9,48.7,6.2,,
174.1,0,106.1,84.4,64,6.2,,
231.9,0,129.4,101.7,74.7,6.2,,
317,2,147.1,116.2,87.3,6.2,,
406.8,17,167.6,133.7,102.9,6.2,,
467.2,17,191.2,154.4,121.7,6.2,,
508.1,17,216.6,174.9,135.5,6.2,,
543.5,17,239.4,192.4,147.1,6.2,,
591.9,17,261.6,208.8,158,6.2,,
641.9,17,284.5,226,171,6.2,,
681.7,17,307.4,243.2,183.1,6.2,,
738.2,17,328,257.8,193.4,6.2,,
802.2,17,348.2,273.5,204.9,6.2,,
876.8,31,369.3,290.7,219.3,6.2,,
966.1,37.5,387.8,307.2,233.8,6.2,,
1044.9,41.5,409.8,324.8,248.4,6.2,,
1101,41.5,433.9,342.1,258.7,6.2,,
1181.6,45,455.7,356.6,270.2,6.2,,
1244.9,45.5,473.6,372,283.4,6.2,,
1280.8,45.5,497.3,389.5,296.1,6.2,,
1322.3,45.5,519.1,405.4,306.7,6.2,,
1366.4,45.5,539.7,420.7,318.6,6.2,,
1424,45.5,560.4,434.9,327.1,6.2,,
1498.9,45.5,576.1,447.4,337,6.2,,
1592.5,45.5,590.7,460.4,347.6,6.2,,
1639.9,45.5,609.1,473.6,354.9,6.2,,
1696.9,45.5,624.4,484,362.2,6.2,,
1771.2,45.5,638.6,495.4,370.9,6.2,2011-05-28,
93.6,0,14.6,13,10.6,11,,
74.9,0,15.7,12.5,9.9,11,,
57.6,0,20.7,14.2,8.5,11,,
44.1,0,20.6,15.3,11.9,11,,
41.5,0,21.8,15.9,10.6,11,,
35.9,0,23.7,17.5,12.7,11,,
63.3,0.5,17.9,15.4,13.2,11,,
80.6,3.5,21.8,14.5,11.5,11,,
56.1,0,24.1,17.3,10.3,11,,
78.8,4,22,17.6,14.6,11,,
89.3,6.5,18.5,16.5,14.5,11,,
74.6,14,21.1,17.2,14.4,11,,
64,0,20.2,15.7,11.5,11,,
56.5,0,20.6,14.6,10.3,11,,
39.8,0,22.9,17.2,12.1,11,,
50,0,22.9,17.2,13,11,,
48.4,0,22.2,16.4,10.9,11,,
35.4,0,22.8,17.5,11.6,11,,
40.9,0,25.4,20.5,13.8,11,,
60.4,0,23.6,20.7,18.8,11,,
89.8,15,20.5,17.5,15.6,11,,
85.1,2,17.7,14.5,12.6,11,,
57.8,0,23.3,17.3,10.7,11,,
45.3,0,25.9,19.5,15.3,11,,
39.5,0,28,21.5,14.1,11,,
41.4,0,28.2,22.7,16.7,11,,
47.9,0,24,20.7,17.9,11,,
53.5,0,24.5,20.1,15.6,11,,
48,0,28.9,22.4,15.7,11,,
101.4,0,48.5,40.8,33.5,11,,
142.8,0,76.7,63.5,50.2,11,,
182.3,0,104.7,85,64.3,11,,
227.6,0,130.6,104.5,79.6,11,,
285.4,0,153.9,121.8,90.3,11,,
370.5,2,171.6,136.3,102.9,11,,
460.3,17,192.1,153.8,118.5,11,,
520.7,17,215.7,174.5,137.3,11,,
561.6,17,241.1,195,151.1,11,,
597,17,263.9,212.5,162.7,11,,
645.4,17,286.1,228.9,173.6,11,,
695.4,17,309,246.1,186.6,11,,
735.2,17,331.9,263.3,198.7,11,,
791.7,17,352.5,277.9,209,11,,
855.7,17,372.7,293.6,220.5,11,,
930.3,31,393.8,310.8,234.9,11,,
1019.6,37.5,412.3,327.3,249.4,11,,
1098.4,41.5,434.3,344.9,264,11,,
1154.5,41.5,458.4,362.2,274.3,11,,
1235.1,45,480.2,376.7,285.8,11,,
1298.4,45.5,498.1,392.1,299,11,,
1334.3,45.5,521.8,409.6,311.7,11,,
1375.8,45.5,543.6,425.5,322.3,11,,
1419.9,45.5,564.2,440.8,334.2,11,,
1477.5,45.5,584.9,455,342.7,11,,
1552.4,45.5,600.6,467.5,352.6,11,,
1646,45.5,615.2,480.5,363.2,11,,
1693.4,45.5,633.6,493.7,370.5,11,,
1750.4,45.5,648.9,504.1,377.8,11,2011-05-29,
74.9,0,15.7,12.5,9.9,13.2,,
57.6,0,20.7,14.2,8.5,13.2,,
44.1,0,20.6,15.3,11.9,13.2,,
41.5,0,21.8,15.9,10.6,13.2,,
35.9,0,23.7,17.5,12.7,13.2,,
63.3,0.5,17.9,15.4,13.2,13.2,,
80.6,3.5,21.8,14.5,11.5,13.2,,
56.1,0,24.1,17.3,10.3,13.2,,
78.8,4,22,17.6,14.6,13.2,,
89.3,6.5,18.5,16.5,14.5,13.2,,
74.6,14,21.1,17.2,14.4,13.2,,
64,0,20.2,15.7,11.5,13.2,,
56.5,0,20.6,14.6,10.3,13.2,,
39.8,0,22.9,17.2,12.1,13.2,,
50,0,22.9,17.2,13,13.2,,
48.4,0,22.2,16.4,10.9,13.2,,
35.4,0,22.8,17.5,11.6,13.2,,
40.9,0,25.4,20.5,13.8,13.2,,
60.4,0,23.6,20.7,18.8,13.2,,
89.8,15,20.5,17.5,15.6,13.2,,
85.1,2,17.7,14.5,12.6,13.2,,
57.8,0,23.3,17.3,10.7,13.2,,
45.3,0,25.9,19.5,15.3,13.2,,
39.5,0,28,21.5,14.1,13.2,,
41.4,0,28.2,22.7,16.7,13.2,,
47.9,0,24,20.7,17.9,13.2,,
53.5,0,24.5,20.1,15.6,13.2,,
48,0,28.9,22.4,15.7,13.2,,
40.4,0,31.2,24.4,18.4,13.2,,
101.5,0,53.4,42.5,31.3,13.2,,
149.4,0,77.4,63.2,49.2,13.2,,
190.8,0,105.6,85.9,65.9,13.2,,
230.3,0,133.6,107.4,80,13.2,,
275.6,0,159.5,126.9,95.3,13.2,,
333.4,0,182.8,144.2,106,13.2,,
418.5,2,200.5,158.7,118.6,13.2,,
508.3,17,221,176.2,134.2,13.2,,
568.7,17,244.6,196.9,153,13.2,,
609.6,17,270,217.4,166.8,13.2,,
645,17,292.8,234.9,178.4,13.2,,
693.4,17,315,251.3,189.3,13.2,,
743.4,17,337.9,268.5,202.3,13.2,,
783.2,17,360.8,285.7,214.4,13.2,,
839.7,17,381.4,300.3,224.7,13.2,,
903.7,17,401.6,316,236.2,13.2,,
978.3,31,422.7,333.2,250.6,13.2,,
1067.6,37.5,441.2,349.7,265.1,13.2,,
1146.4,41.5,463.2,367.3,279.7,13.2,,
1202.5,41.5,487.3,384.6,290,13.2,,
1283.1,45,509.1,399.1,301.5,13.2,,
1346.4,45.5,527,414.5,314.7,13.2,,
1382.3,45.5,550.7,432,327.4,13.2,,
1423.8,45.5,572.5,447.9,338,13.2,,
1467.9,45.5,593.1,463.2,349.9,13.2,,
1525.5,45.5,613.8,477.4,358.4,13.2,,
1600.4,45.5,629.5,489.9,368.3,13.2,,
1694,45.5,644.1,502.9,378.9,13.2,,
1741.4,45.5,662.5,516.1,386.2,13.2,2011-05-30,
57.6,0,20.7,14.2,8.5,10.8,,
44.1,0,20.6,15.3,11.9,10.8,,
41.5,0,21.8,15.9,10.6,10.8,,
35.9,0,23.7,17.5,12.7,10.8,,
63.3,0.5,17.9,15.4,13.2,10.8,,
80.6,3.5,21.8,14.5,11.5,10.8,,
56.1,0,24.1,17.3,10.3,10.8,,
78.8,4,22,17.6,14.6,10.8,,
89.3,6.5,18.5,16.5,14.5,10.8,,
74.6,14,21.1,17.2,14.4,10.8,,
64,0,20.2,15.7,11.5,10.8,,
56.5,0,20.6,14.6,10.3,10.8,,
39.8,0,22.9,17.2,12.1,10.8,,
50,0,22.9,17.2,13,10.8,,
48.4,0,22.2,16.4,10.9,10.8,,
35.4,0,22.8,17.5,11.6,10.8,,
40.9,0,25.4,20.5,13.8,10.8,,
60.4,0,23.6,20.7,18.8,10.8,,
89.8,15,20.5,17.5,15.6,10.8,,
85.1,2,17.7,14.5,12.6,10.8,,
57.8,0,23.3,17.3,10.7,10.8,,
45.3,0,25.9,19.5,15.3,10.8,,
39.5,0,28,21.5,14.1,10.8,,
41.4,0,28.2,22.7,16.7,10.8,,
47.9,0,24,20.7,17.9,10.8,,
53.5,0,24.5,20.1,15.6,10.8,,
48,0,28.9,22.4,15.7,10.8,,
40.4,0,31.2,24.4,18.4,10.8,,
41.6,0,28.1,22.7,18.6,10.8,,
88.4,0,60.1,46.8,34.1,10.8,,
141.9,0,84.6,66.9,49.7,10.8,,
189.8,0,108.6,87.6,67.6,10.8,,
231.2,0,136.8,110.3,84.3,10.8,,
270.7,0,164.8,131.8,98.4,10.8,,
316,0,190.7,151.3,113.7,10.8,,
373.8,0,214,168.6,124.4,10.8,,
458.9,2,231.7,183.1,137,10.8,,
548.7,17,252.2,200.6,152.6,10.8,,
609.1,17,275.8,221.3,171.4,10.8,,
650,17,301.2,241.8,185.2,10.8,,
685.4,17,324,259.3,196.8,10.8,,
733.8,17,346.2,275.7,207.7,10.8,,
783.8,17,369.1,292.9,220.7,10.8,,
823.6,17,392,310.1,232.8,10.8,,
880.1,17,412.6,324.7,243.1,10.8,,
944.1,17,432.8,340.4,254.6,10.8,,
1018.7,31,453.9,357.6,269,10.8,,
1108,37.5,472.4,374.1,283.5,10.8,,
1186.8,41.5,494.4,391.7,298.1,10.8,,
1242.9,41.5,518.5,409,308.4,10.8,,
1323.5,45,540.3,423.5,319.9,10.8,,
1386.8,45.5,558.2,438.9,333.1,10.8,,
1422.7,45.5,581.9,456.4,345.8,10.8,,
1464.2,45.5,603.7,472.3,356.4,10.8,,
1508.3,45.5,624.3,487.6,368.3,10.8,,
1565.9,45.5,645,501.8,376.8,10.8,,
1640.8,45.5,660.7,514.3,386.7,10.8,,
1734.4,45.5,675.3,527.3,397.3,10.8,2011-05-31,
