,0,1,2,3,4,5,6
0,2012-07-03,78.1,25,25.7,22.7,19.7,29
1,2012-07-04,79.8,0.3,27.4,24.4,22.6,12.71428571
2,2012-07-05,89.6,72,24.6,22.7,20.9,26.28571429
3,2012-07-06,88.8,102.5,21.8,20.9,19.9,48.57142857
4,2012-07-07,62.1,0,31,24.8,18.5,78.42857143
5,2012-07-08,64.5,0,30.7,25.8,21.4,55.57142857
6,2012-07-09,64.1,0,32.3,26.3,21.9,50.14285714
7,2012-07-10,67.4,6.5,29.1,25.9,21.7,41.85714286
8,2012-07-11,83.5,8,26.5,23.3,21,35.57142857
9,2012-07-12,72.3,0,28.5,24.7,21.1,57.85714286
10,2012-07-13,76.1,76.5,29.3,26.1,21.8,452.5714286
11,2012-07-14,82.1,8,26.2,22.8,20.4,184.8571429
12,2012-07-15,89.5,32.5,20.5,19.7,19.1,141
13,2012-07-16,80.3,2.5,25,21.7,19,115.4285714
14,2012-07-17,70.5,0,29,25.5,21.6,125.1428571
15,2012-07-18,78.8,6,28.4,26.3,24.7,340
16,2012-07-19,85.3,72.5,26.5,23.9,22.4,462
17,2012-07-20,73.6,1,29.7,25.6,22.1,341
18,2012-07-21,67.4,0,31.4,27.5,24.1,218.5714286
19,2012-07-22,74.4,16.5,30.4,27.2,23.7,226.1428571
20,2012-07-23,73.9,1,30.5,27.6,25.6,248.7142857
21,2012-07-24,71.9,0,32.1,27.8,25.5,204.7142857
22,2012-07-25,68,0,32.1,27.9,24.2,216.1428571
23,2012-07-26,63.4,0,32.6,28.1,24.3,447
24,2012-07-27,68,0,32.3,27.9,24.9,378.8571429
25,2012-07-28,67.3,0,33.2,28.5,25.2,398
26,2012-07-29,66.8,0,33.2,29.2,26.2,95.42857143
27,2012-07-30,72.3,18,31.6,28.4,23,137.1428571
28,2012-07-31,66.1,0.1,33,29,26.6,198
29,2012-07-04,79.8,0.3,27.4,24.4,22.6,12.71428571
30,2012-07-05,89.6,72,24.6,22.7,20.9,26.28571429
31,2012-07-06,88.8,102.5,21.8,20.9,19.9,48.57142857
32,2012-07-07,62.1,0,31,24.8,18.5,78.42857143
33,2012-07-08,64.5,0,30.7,25.8,21.4,55.57142857
34,2012-07-09,64.1,0,32.3,26.3,21.9,50.14285714
35,2012-07-10,67.4,6.5,29.1,25.9,21.7,41.85714286
36,2012-07-11,83.5,8,26.5,23.3,21,35.57142857
37,2012-07-12,72.3,0,28.5,24.7,21.1,57.85714286
38,2012-07-13,76.1,76.5,29.3,26.1,21.8,452.5714286
39,2012-07-14,82.1,8,26.2,22.8,20.4,184.8571429
40,2012-07-15,89.5,32.5,20.5,19.7,19.1,141
41,2012-07-16,80.3,2.5,25,21.7,19,115.4285714
42,2012-07-17,70.5,0,29,25.5,21.6,125.1428571
43,2012-07-18,78.8,6,28.4,26.3,24.7,340
44,2012-07-19,85.3,72.5,26.5,23.9,22.4,462
45,2012-07-20,73.6,1,29.7,25.6,22.1,341
46,2012-07-21,67.4,0,31.4,27.5,24.1,218.5714286
47,2012-07-22,74.4,16.5,30.4,27.2,23.7,226.1428571
48,2012-07-23,73.9,1,30.5,27.6,25.6,248.7142857
49,2012-07-24,71.9,0,32.1,27.8,25.5,204.7142857
50,2012-07-25,68,0,32.1,27.9,24.2,216.1428571
51,2012-07-26,63.4,0,32.6,28.1,24.3,447
52,2012-07-27,68,0,32.3,27.9,24.9,378.8571429
53,2012-07-28,67.3,0,33.2,28.5,25.2,398
54,2012-07-29,66.8,0,33.2,29.2,26.2,95.42857143
55,2012-07-30,72.3,18,31.6,28.4,23,137.1428571
56,2012-07-31,66.1,0.1,33,29,26.6,198
57,2012-08-01,56.8,0,35.3,30.8,25.9,64.28571429
58,2012-07-05,89.6,72,24.6,22.7,20.9,26.28571429
59,2012-07-06,88.8,102.5,21.8,20.9,19.9,48.57142857
60,2012-07-07,62.1,0,31,24.8,18.5,78.42857143
61,2012-07-08,64.5,0,30.7,25.8,21.4,55.57142857
62,2012-07-09,64.1,0,32.3,26.3,21.9,50.14285714
63,2012-07-10,67.4,6.5,29.1,25.9,21.7,41.85714286
64,2012-07-11,83.5,8,26.5,23.3,21,35.57142857
65,2012-07-12,72.3,0,28.5,24.7,21.1,57.85714286
66,2012-07-13,76.1,76.5,29.3,26.1,21.8,452.5714286
67,2012-07-14,82.1,8,26.2,22.8,20.4,184.8571429
68,2012-07-15,89.5,32.5,20.5,19.7,19.1,141
69,2012-07-16,80.3,2.5,25,21.7,19,115.4285714
70,2012-07-17,70.5,0,29,25.5,21.6,125.1428571
71,2012-07-18,78.8,6,28.4,26.3,24.7,340
72,2012-07-19,85.3,72.5,26.5,23.9,22.4,462
73,2012-07-20,73.6,1,29.7,25.6,22.1,341
74,2012-07-21,67.4,0,31.4,27.5,24.1,218.5714286
75,2012-07-22,74.4,16.5,30.4,27.2,23.7,226.1428571
76,2012-07-23,73.9,1,30.5,27.6,25.6,248.7142857
77,2012-07-24,71.9,0,32.1,27.8,25.5,204.7142857
78,2012-07-25,68,0,32.1,27.9,24.2,216.1428571
79,2012-07-26,63.4,0,32.6,28.1,24.3,447
80,2012-07-27,68,0,32.3,27.9,24.9,378.8571429
81,2012-07-28,67.3,0,33.2,28.5,25.2,398
82,2012-07-29,66.8,0,33.2,29.2,26.2,95.42857143
83,2012-07-30,72.3,18,31.6,28.4,23,137.1428571
84,2012-07-31,66.1,0.1,33,29,26.6,198
85,2012-08-01,56.8,0,35.3,30.8,25.9,64.28571429
86,2012-08-02,53.6,0,35.5,30.8,26.8,45.14285714
87,2012-07-06,88.8,102.5,21.8,20.9,19.9,48.57142857
88,2012-07-07,62.1,0,31,24.8,18.5,78.42857143
89,2012-07-08,64.5,0,30.7,25.8,21.4,55.57142857
90,2012-07-09,64.1,0,32.3,26.3,21.9,50.14285714
91,2012-07-10,67.4,6.5,29.1,25.9,21.7,41.85714286
92,2012-07-11,83.5,8,26.5,23.3,21,35.57142857
93,2012-07-12,72.3,0,28.5,24.7,21.1,57.85714286
94,2012-07-13,76.1,76.5,29.3,26.1,21.8,452.5714286
95,2012-07-14,82.1,8,26.2,22.8,20.4,184.8571429
96,2012-07-15,89.5,32.5,20.5,19.7,19.1,141
97,2012-07-16,80.3,2.5,25,21.7,19,115.4285714
98,2012-07-17,70.5,0,29,25.5,21.6,125.1428571
99,2012-07-18,78.8,6,28.4,26.3,24.7,340
100,2012-07-19,85.3,72.5,26.5,23.9,22.4,462
101,2012-07-20,73.6,1,29.7,25.6,22.1,341
102,2012-07-21,67.4,0,31.4,27.5,24.1,218.5714286
103,2012-07-22,74.4,16.5,30.4,27.2,23.7,226.1428571
104,2012-07-23,73.9,1,30.5,27.6,25.6,248.7142857
105,2012-07-24,71.9,0,32.1,27.8,25.5,204.7142857
106,2012-07-25,68,0,32.1,27.9,24.2,216.1428571
107,2012-07-26,63.4,0,32.6,28.1,24.3,447
108,2012-07-27,68,0,32.3,27.9,24.9,378.8571429
109,2012-07-28,67.3,0,33.2,28.5,25.2,398
110,2012-07-29,66.8,0,33.2,29.2,26.2,95.42857143
111,2012-07-30,72.3,18,31.6,28.4,23,137.1428571
112,2012-07-31,66.1,0.1,33,29,26.6,198
113,2012-08-01,56.8,0,35.3,30.8,25.9,64.28571429
114,2012-08-02,53.6,0,35.5,30.8,26.8,45.14285714
115,2012-08-03,51.9,0,35.4,31.3,27.1,104.1428571
116,2012-07-07,62.1,0,31,24.8,18.5,78.42857143
117,2012-07-08,64.5,0,30.7,25.8,21.4,55.57142857
118,2012-07-09,64.1,0,32.3,26.3,21.9,50.14285714
119,2012-07-10,67.4,6.5,29.1,25.9,21.7,41.85714286
120,2012-07-11,83.5,8,26.5,23.3,21,35.57142857
121,2012-07-12,72.3,0,28.5,24.7,21.1,57.85714286
122,2012-07-13,76.1,76.5,29.3,26.1,21.8,452.5714286
123,2012-07-14,82.1,8,26.2,22.8,20.4,184.8571429
124,2012-07-15,89.5,32.5,20.5,19.7,19.1,141
125,2012-07-16,80.3,2.5,25,21.7,19,115.4285714
126,2012-07-17,70.5,0,29,25.5,21.6,125.1428571
127,2012-07-18,78.8,6,28.4,26.3,24.7,340
128,2012-07-19,85.3,72.5,26.5,23.9,22.4,462
129,2012-07-20,73.6,1,29.7,25.6,22.1,341
130,2012-07-21,67.4,0,31.4,27.5,24.1,218.5714286
131,2012-07-22,74.4,16.5,30.4,27.2,23.7,226.1428571
132,2012-07-23,73.9,1,30.5,27.6,25.6,248.7142857
133,2012-07-24,71.9,0,32.1,27.8,25.5,204.7142857
134,2012-07-25,68,0,32.1,27.9,24.2,216.1428571
135,2012-07-26,63.4,0,32.6,28.1,24.3,447
136,2012-07-27,68,0,32.3,27.9,24.9,378.8571429
137,2012-07-28,67.3,0,33.2,28.5,25.2,398
138,2012-07-29,66.8,0,33.2,29.2,26.2,95.42857143
139,2012-07-30,72.3,18,31.6,28.4,23,137.1428571
140,2012-07-31,66.1,0.1,33,29,26.6,198
141,2012-08-01,56.8,0,35.3,30.8,25.9,64.28571429
142,2012-08-02,53.6,0,35.5,30.8,26.8,45.14285714
143,2012-08-03,51.9,0,35.4,31.3,27.1,104.1428571
144,2012-08-04,50.1,0,36.2,31.7,28.2,43.14285714
145,2012-07-08,64.5,0,30.7,25.8,21.4,55.57142857
146,2012-07-09,64.1,0,32.3,26.3,21.9,50.14285714
147,2012-07-10,67.4,6.5,29.1,25.9,21.7,41.85714286
148,2012-07-11,83.5,8,26.5,23.3,21,35.57142857
149,2012-07-12,72.3,0,28.5,24.7,21.1,57.85714286
150,2012-07-13,76.1,76.5,29.3,26.1,21.8,452.5714286
151,2012-07-14,82.1,8,26.2,22.8,20.4,184.8571429
152,2012-07-15,89.5,32.5,20.5,19.7,19.1,141
153,2012-07-16,80.3,2.5,25,21.7,19,115.4285714
154,2012-07-17,70.5,0,29,25.5,21.6,125.1428571
155,2012-07-18,78.8,6,28.4,26.3,24.7,340
156,2012-07-19,85.3,72.5,26.5,23.9,22.4,462
157,2012-07-20,73.6,1,29.7,25.6,22.1,341
158,2012-07-21,67.4,0,31.4,27.5,24.1,218.5714286
159,2012-07-22,74.4,16.5,30.4,27.2,23.7,226.1428571
160,2012-07-23,73.9,1,30.5,27.6,25.6,248.7142857
161,2012-07-24,71.9,0,32.1,27.8,25.5,204.7142857
162,2012-07-25,68,0,32.1,27.9,24.2,216.1428571
163,2012-07-26,63.4,0,32.6,28.1,24.3,447
164,2012-07-27,68,0,32.3,27.9,24.9,378.8571429
165,2012-07-28,67.3,0,33.2,28.5,25.2,398
166,2012-07-29,66.8,0,33.2,29.2,26.2,95.42857143
167,2012-07-30,72.3,18,31.6,28.4,23,137.1428571
168,2012-07-31,66.1,0.1,33,29,26.6,198
169,2012-08-01,56.8,0,35.3,30.8,25.9,64.28571429
170,2012-08-02,53.6,0,35.5,30.8,26.8,45.14285714
171,2012-08-03,51.9,0,35.4,31.3,27.1,104.1428571
172,2012-08-04,50.1,0,36.2,31.7,28.2,43.14285714
173,2012-08-05,51,0,36.7,31.8,27.5,56.28571429
174,2012-07-09,64.1,0,32.3,26.3,21.9,50.14285714
175,2012-07-10,67.4,6.5,29.1,25.9,21.7,41.85714286
176,2012-07-11,83.5,8,26.5,23.3,21,35.57142857
177,2012-07-12,72.3,0,28.5,24.7,21.1,57.85714286
178,2012-07-13,76.1,76.5,29.3,26.1,21.8,452.5714286
179,2012-07-14,82.1,8,26.2,22.8,20.4,184.8571429
180,2012-07-15,89.5,32.5,20.5,19.7,19.1,141
181,2012-07-16,80.3,2.5,25,21.7,19,115.4285714
182,2012-07-17,70.5,0,29,25.5,21.6,125.1428571
183,2012-07-18,78.8,6,28.4,26.3,24.7,340
184,2012-07-19,85.3,72.5,26.5,23.9,22.4,462
185,2012-07-20,73.6,1,29.7,25.6,22.1,341
186,2012-07-21,67.4,0,31.4,27.5,24.1,218.5714286
187,2012-07-22,74.4,16.5,30.4,27.2,23.7,226.1428571
188,2012-07-23,73.9,1,30.5,27.6,25.6,248.7142857
189,2012-07-24,71.9,0,32.1,27.8,25.5,204.7142857
190,2012-07-25,68,0,32.1,27.9,24.2,216.1428571
191,2012-07-26,63.4,0,32.6,28.1,24.3,447
192,2012-07-27,68,0,32.3,27.9,24.9,378.8571429
193,2012-07-28,67.3,0,33.2,28.5,25.2,398
194,2012-07-29,66.8,0,33.2,29.2,26.2,95.42857143
195,2012-07-30,72.3,18,31.6,28.4,23,137.1428571
196,2012-07-31,66.1,0.1,33,29,26.6,198
197,2012-08-01,56.8,0,35.3,30.8,25.9,64.28571429
198,2012-08-02,53.6,0,35.5,30.8,26.8,45.14285714
199,2012-08-03,51.9,0,35.4,31.3,27.1,104.1428571
200,2012-08-04,50.1,0,36.2,31.7,28.2,43.14285714
201,2012-08-05,51,0,36.7,31.8,27.5,56.28571429
202,2012-08-06,54.1,0,35.8,31.5,27.8,26.71428571
203,2012-07-10,67.4,6.5,29.1,25.9,21.7,41.85714286
204,2012-07-11,83.5,8,26.5,23.3,21,35.57142857
205,2012-07-12,72.3,0,28.5,24.7,21.1,57.85714286
206,2012-07-13,76.1,76.5,29.3,26.1,21.8,452.5714286
207,2012-07-14,82.1,8,26.2,22.8,20.4,184.8571429
208,2012-07-15,89.5,32.5,20.5,19.7,19.1,141
209,2012-07-16,80.3,2.5,25,21.7,19,115.4285714
210,2012-07-17,70.5,0,29,25.5,21.6,125.1428571
211,2012-07-18,78.8,6,28.4,26.3,24.7,340
212,2012-07-19,85.3,72.5,26.5,23.9,22.4,462
213,2012-07-20,73.6,1,29.7,25.6,22.1,341
214,2012-07-21,67.4,0,31.4,27.5,24.1,218.5714286
215,2012-07-22,74.4,16.5,30.4,27.2,23.7,226.1428571
216,2012-07-23,73.9,1,30.5,27.6,25.6,248.7142857
217,2012-07-24,71.9,0,32.1,27.8,25.5,204.7142857
218,2012-07-25,68,0,32.1,27.9,24.2,216.1428571
219,2012-07-26,63.4,0,32.6,28.1,24.3,447
220,2012-07-27,68,0,32.3,27.9,24.9,378.8571429
221,2012-07-28,67.3,0,33.2,28.5,25.2,398
222,2012-07-29,66.8,0,33.2,29.2,26.2,95.42857143
223,2012-07-30,72.3,18,31.6,28.4,23,137.1428571
224,2012-07-31,66.1,0.1,33,29,26.6,198
225,2012-08-01,56.8,0,35.3,30.8,25.9,64.28571429
226,2012-08-02,53.6,0,35.5,30.8,26.8,45.14285714
227,2012-08-03,51.9,0,35.4,31.3,27.1,104.1428571
228,2012-08-04,50.1,0,36.2,31.7,28.2,43.14285714
229,2012-08-05,51,0,36.7,31.8,27.5,56.28571429
230,2012-08-06,54.1,0,35.8,31.5,27.8,26.71428571
231,2012-08-07,48,0,35,30.7,26.6,109
232,2012-07-11,83.5,8,26.5,23.3,21,35.57142857
233,2012-07-12,72.3,0,28.5,24.7,21.1,57.85714286
234,2012-07-13,76.1,76.5,29.3,26.1,21.8,452.5714286
235,2012-07-14,82.1,8,26.2,22.8,20.4,184.8571429
236,2012-07-15,89.5,32.5,20.5,19.7,19.1,141
237,2012-07-16,80.3,2.5,25,21.7,19,115.4285714
238,2012-07-17,70.5,0,29,25.5,21.6,125.1428571
239,2012-07-18,78.8,6,28.4,26.3,24.7,340
240,2012-07-19,85.3,72.5,26.5,23.9,22.4,462
241,2012-07-20,73.6,1,29.7,25.6,22.1,341
242,2012-07-21,67.4,0,31.4,27.5,24.1,218.5714286
243,2012-07-22,74.4,16.5,30.4,27.2,23.7,226.1428571
244,2012-07-23,73.9,1,30.5,27.6,25.6,248.7142857
245,2012-07-24,71.9,0,32.1,27.8,25.5,204.7142857
246,2012-07-25,68,0,32.1,27.9,24.2,216.1428571
247,2012-07-26,63.4,0,32.6,28.1,24.3,447
248,2012-07-27,68,0,32.3,27.9,24.9,378.8571429
249,2012-07-28,67.3,0,33.2,28.5,25.2,398
250,2012-07-29,66.8,0,33.2,29.2,26.2,95.42857143
251,2012-07-30,72.3,18,31.6,28.4,23,137.1428571
252,2012-07-31,66.1,0.1,33,29,26.6,198
253,2012-08-01,56.8,0,35.3,30.8,25.9,64.28571429
254,2012-08-02,53.6,0,35.5,30.8,26.8,45.14285714
255,2012-08-03,51.9,0,35.4,31.3,27.1,104.1428571
256,2012-08-04,50.1,0,36.2,31.7,28.2,43.14285714
257,2012-08-05,51,0,36.7,31.8,27.5,56.28571429
258,2012-08-06,54.1,0,35.8,31.5,27.8,26.71428571
259,2012-08-07,48,0,35,30.7,26.6,109
260,2012-08-08,51.6,0,34.3,29.6,25.6,221.8571429
261,2012-07-12,72.3,0,28.5,24.7,21.1,57.85714286
262,2012-07-13,76.1,76.5,29.3,26.1,21.8,452.5714286
263,2012-07-14,82.1,8,26.2,22.8,20.4,184.8571429
264,2012-07-15,89.5,32.5,20.5,19.7,19.1,141
265,2012-07-16,80.3,2.5,25,21.7,19,115.4285714
266,2012-07-17,70.5,0,29,25.5,21.6,125.1428571
267,2012-07-18,78.8,6,28.4,26.3,24.7,340
268,2012-07-19,85.3,72.5,26.5,23.9,22.4,462
269,2012-07-20,73.6,1,29.7,25.6,22.1,341
270,2012-07-21,67.4,0,31.4,27.5,24.1,218.5714286
271,2012-07-22,74.4,16.5,30.4,27.2,23.7,226.1428571
272,2012-07-23,73.9,1,30.5,27.6,25.6,248.7142857
273,2012-07-24,71.9,0,32.1,27.8,25.5,204.7142857
274,2012-07-25,68,0,32.1,27.9,24.2,216.1428571
275,2012-07-26,63.4,0,32.6,28.1,24.3,447
276,2012-07-27,68,0,32.3,27.9,24.9,378.8571429
277,2012-07-28,67.3,0,33.2,28.5,25.2,398
278,2012-07-29,66.8,0,33.2,29.2,26.2,95.42857143
279,2012-07-30,72.3,18,31.6,28.4,23,137.1428571
280,2012-07-31,66.1,0.1,33,29,26.6,198
281,2012-08-01,56.8,0,35.3,30.8,25.9,64.28571429
282,2012-08-02,53.6,0,35.5,30.8,26.8,45.14285714
283,2012-08-03,51.9,0,35.4,31.3,27.1,104.1428571
284,2012-08-04,50.1,0,36.2,31.7,28.2,43.14285714
285,2012-08-05,51,0,36.7,31.8,27.5,56.28571429
286,2012-08-06,54.1,0,35.8,31.5,27.8,26.71428571
287,2012-08-07,48,0,35,30.7,26.6,109
288,2012-08-08,51.6,0,34.3,29.6,25.6,221.8571429
289,2012-08-09,63.5,0,34.6,29.7,26.6,204.4285714
290,2012-07-13,76.1,76.5,29.3,26.1,21.8,452.5714286
291,2012-07-14,82.1,8,26.2,22.8,20.4,184.8571429
292,2012-07-15,89.5,32.5,20.5,19.7,19.1,141
293,2012-07-16,80.3,2.5,25,21.7,19,115.4285714
294,2012-07-17,70.5,0,29,25.5,21.6,125.1428571
295,2012-07-18,78.8,6,28.4,26.3,24.7,340
296,2012-07-19,85.3,72.5,26.5,23.9,22.4,462
297,2012-07-20,73.6,1,29.7,25.6,22.1,341
298,2012-07-21,67.4,0,31.4,27.5,24.1,218.5714286
299,2012-07-22,74.4,16.5,30.4,27.2,23.7,226.1428571
300,2012-07-23,73.9,1,30.5,27.6,25.6,248.7142857
301,2012-07-24,71.9,0,32.1,27.8,25.5,204.7142857
302,2012-07-25,68,0,32.1,27.9,24.2,216.1428571
303,2012-07-26,63.4,0,32.6,28.1,24.3,447
304,2012-07-27,68,0,32.3,27.9,24.9,378.8571429
305,2012-07-28,67.3,0,33.2,28.5,25.2,398
306,2012-07-29,66.8,0,33.2,29.2,26.2,95.42857143
307,2012-07-30,72.3,18,31.6,28.4,23,137.1428571
308,2012-07-31,66.1,0.1,33,29,26.6,198
309,2012-08-01,56.8,0,35.3,30.8,25.9,64.28571429
310,2012-08-02,53.6,0,35.5,30.8,26.8,45.14285714
311,2012-08-03,51.9,0,35.4,31.3,27.1,104.1428571
312,2012-08-04,50.1,0,36.2,31.7,28.2,43.14285714
313,2012-08-05,51,0,36.7,31.8,27.5,56.28571429
314,2012-08-06,54.1,0,35.8,31.5,27.8,26.71428571
315,2012-08-07,48,0,35,30.7,26.6,109
316,2012-08-08,51.6,0,34.3,29.6,25.6,221.8571429
317,2012-08-09,63.5,0,34.6,29.7,26.6,204.4285714
318,2012-08-10,69.4,0.3,29,27.4,25.7,230
319,2012-07-14,82.1,8,26.2,22.8,20.4,184.8571429
320,2012-07-15,89.5,32.5,20.5,19.7,19.1,141
321,2012-07-16,80.3,2.5,25,21.7,19,115.4285714
322,2012-07-17,70.5,0,29,25.5,21.6,125.1428571
323,2012-07-18,78.8,6,28.4,26.3,24.7,340
324,2012-07-19,85.3,72.5,26.5,23.9,22.4,462
325,2012-07-20,73.6,1,29.7,25.6,22.1,341
326,2012-07-21,67.4,0,31.4,27.5,24.1,218.5714286
327,2012-07-22,74.4,16.5,30.4,27.2,23.7,226.1428571
328,2012-07-23,73.9,1,30.5,27.6,25.6,248.7142857
329,2012-07-24,71.9,0,32.1,27.8,25.5,204.7142857
330,2012-07-25,68,0,32.1,27.9,24.2,216.1428571
331,2012-07-26,63.4,0,32.6,28.1,24.3,447
332,2012-07-27,68,0,32.3,27.9,24.9,378.8571429
333,2012-07-28,67.3,0,33.2,28.5,25.2,398
334,2012-07-29,66.8,0,33.2,29.2,26.2,95.42857143
335,2012-07-30,72.3,18,31.6,28.4,23,137.1428571
336,2012-07-31,66.1,0.1,33,29,26.6,198
337,2012-08-01,56.8,0,35.3,30.8,25.9,64.28571429
338,2012-08-02,53.6,0,35.5,30.8,26.8,45.14285714
339,2012-08-03,51.9,0,35.4,31.3,27.1,104.1428571
340,2012-08-04,50.1,0,36.2,31.7,28.2,43.14285714
341,2012-08-05,51,0,36.7,31.8,27.5,56.28571429
342,2012-08-06,54.1,0,35.8,31.5,27.8,26.71428571
343,2012-08-07,48,0,35,30.7,26.6,109
344,2012-08-08,51.6,0,34.3,29.6,25.6,221.8571429
345,2012-08-09,63.5,0,34.6,29.7,26.6,204.4285714
346,2012-08-10,69.4,0.3,29,27.4,25.7,230
347,2012-08-11,65,0,31.8,27.7,24,186.4285714
348,2012-07-15,89.5,32.5,20.5,19.7,19.1,141
349,2012-07-16,80.3,2.5,25,21.7,19,115.4285714
350,2012-07-17,70.5,0,29,25.5,21.6,125.1428571
351,2012-07-18,78.8,6,28.4,26.3,24.7,340
352,2012-07-19,85.3,72.5,26.5,23.9,22.4,462
353,2012-07-20,73.6,1,29.7,25.6,22.1,341
354,2012-07-21,67.4,0,31.4,27.5,24.1,218.5714286
355,2012-07-22,74.4,16.5,30.4,27.2,23.7,226.1428571
356,2012-07-23,73.9,1,30.5,27.6,25.6,248.7142857
357,2012-07-24,71.9,0,32.1,27.8,25.5,204.7142857
358,2012-07-25,68,0,32.1,27.9,24.2,216.1428571
359,2012-07-26,63.4,0,32.6,28.1,24.3,447
360,2012-07-27,68,0,32.3,27.9,24.9,378.8571429
361,2012-07-28,67.3,0,33.2,28.5,25.2,398
362,2012-07-29,66.8,0,33.2,29.2,26.2,95.42857143
363,2012-07-30,72.3,18,31.6,28.4,23,137.1428571
364,2012-07-31,66.1,0.1,33,29,26.6,198
365,2012-08-01,56.8,0,35.3,30.8,25.9,64.28571429
366,2012-08-02,53.6,0,35.5,30.8,26.8,45.14285714
367,2012-08-03,51.9,0,35.4,31.3,27.1,104.1428571
368,2012-08-04,50.1,0,36.2,31.7,28.2,43.14285714
369,2012-08-05,51,0,36.7,31.8,27.5,56.28571429
370,2012-08-06,54.1,0,35.8,31.5,27.8,26.71428571
371,2012-08-07,48,0,35,30.7,26.6,109
372,2012-08-08,51.6,0,34.3,29.6,25.6,221.8571429
373,2012-08-09,63.5,0,34.6,29.7,26.6,204.4285714
374,2012-08-10,69.4,0.3,29,27.4,25.7,230
375,2012-08-11,65,0,31.8,27.7,24,186.4285714
376,2012-08-12,80.3,17,27.9,25.5,22.3,2006.285714
377,2012-07-16,80.3,2.5,25,21.7,19,115.4285714
378,2012-07-17,70.5,0,29,25.5,21.6,125.1428571
379,2012-07-18,78.8,6,28.4,26.3,24.7,340
380,2012-07-19,85.3,72.5,26.5,23.9,22.4,462
381,2012-07-20,73.6,1,29.7,25.6,22.1,341
382,2012-07-21,67.4,0,31.4,27.5,24.1,218.5714286
383,2012-07-22,74.4,16.5,30.4,27.2,23.7,226.1428571
384,2012-07-23,73.9,1,30.5,27.6,25.6,248.7142857
385,2012-07-24,71.9,0,32.1,27.8,25.5,204.7142857
386,2012-07-25,68,0,32.1,27.9,24.2,216.1428571
387,2012-07-26,63.4,0,32.6,28.1,24.3,447
388,2012-07-27,68,0,32.3,27.9,24.9,378.8571429
389,2012-07-28,67.3,0,33.2,28.5,25.2,398
390,2012-07-29,66.8,0,33.2,29.2,26.2,95.42857143
391,2012-07-30,72.3,18,31.6,28.4,23,137.1428571
392,2012-07-31,66.1,0.1,33,29,26.6,198
393,2012-08-01,56.8,0,35.3,30.8,25.9,64.28571429
394,2012-08-02,53.6,0,35.5,30.8,26.8,45.14285714
395,2012-08-03,51.9,0,35.4,31.3,27.1,104.1428571
396,2012-08-04,50.1,0,36.2,31.7,28.2,43.14285714
397,2012-08-05,51,0,36.7,31.8,27.5,56.28571429
398,2012-08-06,54.1,0,35.8,31.5,27.8,26.71428571
399,2012-08-07,48,0,35,30.7,26.6,109
400,2012-08-08,51.6,0,34.3,29.6,25.6,221.8571429
401,2012-08-09,63.5,0,34.6,29.7,26.6,204.4285714
402,2012-08-10,69.4,0.3,29,27.4,25.7,230
403,2012-08-11,65,0,31.8,27.7,24,186.4285714
404,2012-08-12,80.3,17,27.9,25.5,22.3,2006.285714
405,2012-08-13,65,2,32.1,26.6,22.1,144.4285714
406,2012-07-17,70.5,0,29,25.5,21.6,125.1428571
407,2012-07-18,78.8,6,28.4,26.3,24.7,340
408,2012-07-19,85.3,72.5,26.5,23.9,22.4,462
409,2012-07-20,73.6,1,29.7,25.6,22.1,341
410,2012-07-21,67.4,0,31.4,27.5,24.1,218.5714286
411,2012-07-22,74.4,16.5,30.4,27.2,23.7,226.1428571
412,2012-07-23,73.9,1,30.5,27.6,25.6,248.7142857
413,2012-07-24,71.9,0,32.1,27.8,25.5,204.7142857
414,2012-07-25,68,0,32.1,27.9,24.2,216.1428571
415,2012-07-26,63.4,0,32.6,28.1,24.3,447
416,2012-07-27,68,0,32.3,27.9,24.9,378.8571429
417,2012-07-28,67.3,0,33.2,28.5,25.2,398
418,2012-07-29,66.8,0,33.2,29.2,26.2,95.42857143
419,2012-07-30,72.3,18,31.6,28.4,23,137.1428571
420,2012-07-31,66.1,0.1,33,29,26.6,198
421,2012-08-01,56.8,0,35.3,30.8,25.9,64.28571429
422,2012-08-02,53.6,0,35.5,30.8,26.8,45.14285714
423,2012-08-03,51.9,0,35.4,31.3,27.1,104.1428571
424,2012-08-04,50.1,0,36.2,31.7,28.2,43.14285714
425,2012-08-05,51,0,36.7,31.8,27.5,56.28571429
426,2012-08-06,54.1,0,35.8,31.5,27.8,26.71428571
427,2012-08-07,48,0,35,30.7,26.6,109
428,2012-08-08,51.6,0,34.3,29.6,25.6,221.8571429
429,2012-08-09,63.5,0,34.6,29.7,26.6,204.4285714
430,2012-08-10,69.4,0.3,29,27.4,25.7,230
431,2012-08-11,65,0,31.8,27.7,24,186.4285714
432,2012-08-12,80.3,17,27.9,25.5,22.3,2006.285714
433,2012-08-13,65,2,32.1,26.6,22.1,144.4285714
434,2012-08-14,64.3,15.5,31.2,26.7,23.2,237.4285714
435,2012-07-18,78.8,6,28.4,26.3,24.7,340
436,2012-07-19,85.3,72.5,26.5,23.9,22.4,462
437,2012-07-20,73.6,1,29.7,25.6,22.1,341
438,2012-07-21,67.4,0,31.4,27.5,24.1,218.5714286
439,2012-07-22,74.4,16.5,30.4,27.2,23.7,226.1428571
440,2012-07-23,73.9,1,30.5,27.6,25.6,248.7142857
441,2012-07-24,71.9,0,32.1,27.8,25.5,204.7142857
442,2012-07-25,68,0,32.1,27.9,24.2,216.1428571
443,2012-07-26,63.4,0,32.6,28.1,24.3,447
444,2012-07-27,68,0,32.3,27.9,24.9,378.8571429
445,2012-07-28,67.3,0,33.2,28.5,25.2,398
446,2012-07-29,66.8,0,33.2,29.2,26.2,95.42857143
447,2012-07-30,72.3,18,31.6,28.4,23,137.1428571
448,2012-07-31,66.1,0.1,33,29,26.6,198
449,2012-08-01,56.8,0,35.3,30.8,25.9,64.28571429
450,2012-08-02,53.6,0,35.5,30.8,26.8,45.14285714
451,2012-08-03,51.9,0,35.4,31.3,27.1,104.1428571
452,2012-08-04,50.1,0,36.2,31.7,28.2,43.14285714
453,2012-08-05,51,0,36.7,31.8,27.5,56.28571429
454,2012-08-06,54.1,0,35.8,31.5,27.8,26.71428571
455,2012-08-07,48,0,35,30.7,26.6,109
456,2012-08-08,51.6,0,34.3,29.6,25.6,221.8571429
457,2012-08-09,63.5,0,34.6,29.7,26.6,204.4285714
458,2012-08-10,69.4,0.3,29,27.4,25.7,230
459,2012-08-11,65,0,31.8,27.7,24,186.4285714
460,2012-08-12,80.3,17,27.9,25.5,22.3,2006.285714
461,2012-08-13,65,2,32.1,26.6,22.1,144.4285714
462,2012-08-14,64.3,15.5,31.2,26.7,23.2,237.4285714
463,2012-08-15,88,136.5,27.1,23.7,22.4,424.1428571
464,2012-07-19,85.3,72.5,26.5,23.9,22.4,462
465,2012-07-20,73.6,1,29.7,25.6,22.1,341
466,2012-07-21,67.4,0,31.4,27.5,24.1,218.5714286
467,2012-07-22,74.4,16.5,30.4,27.2,23.7,226.1428571
468,2012-07-23,73.9,1,30.5,27.6,25.6,248.7142857
469,2012-07-24,71.9,0,32.1,27.8,25.5,204.7142857
470,2012-07-25,68,0,32.1,27.9,24.2,216.1428571
471,2012-07-26,63.4,0,32.6,28.1,24.3,447
472,2012-07-27,68,0,32.3,27.9,24.9,378.8571429
473,2012-07-28,67.3,0,33.2,28.5,25.2,398
474,2012-07-29,66.8,0,33.2,29.2,26.2,95.42857143
475,2012-07-30,72.3,18,31.6,28.4,23,137.1428571
476,2012-07-31,66.1,0.1,33,29,26.6,198
477,2012-08-01,56.8,0,35.3,30.8,25.9,64.28571429
478,2012-08-02,53.6,0,35.5,30.8,26.8,45.14285714
479,2012-08-03,51.9,0,35.4,31.3,27.1,104.1428571
480,2012-08-04,50.1,0,36.2,31.7,28.2,43.14285714
481,2012-08-05,51,0,36.7,31.8,27.5,56.28571429
482,2012-08-06,54.1,0,35.8,31.5,27.8,26.71428571
483,2012-08-07,48,0,35,30.7,26.6,109
484,2012-08-08,51.6,0,34.3,29.6,25.6,221.8571429
485,2012-08-09,63.5,0,34.6,29.7,26.6,204.4285714
486,2012-08-10,69.4,0.3,29,27.4,25.7,230
487,2012-08-11,65,0,31.8,27.7,24,186.4285714
488,2012-08-12,80.3,17,27.9,25.5,22.3,2006.285714
489,2012-08-13,65,2,32.1,26.6,22.1,144.4285714
490,2012-08-14,64.3,15.5,31.2,26.7,23.2,237.4285714
491,2012-08-15,88,136.5,27.1,23.7,22.4,424.1428571
492,2012-08-16,68.8,0,28.9,26,22.7,351.5714286
493,2012-07-20,73.6,1,29.7,25.6,22.1,341
494,2012-07-21,67.4,0,31.4,27.5,24.1,218.5714286
495,2012-07-22,74.4,16.5,30.4,27.2,23.7,226.1428571
496,2012-07-23,73.9,1,30.5,27.6,25.6,248.7142857
497,2012-07-24,71.9,0,32.1,27.8,25.5,204.7142857
498,2012-07-25,68,0,32.1,27.9,24.2,216.1428571
499,2012-07-26,63.4,0,32.6,28.1,24.3,447
500,2012-07-27,68,0,32.3,27.9,24.9,378.8571429
501,2012-07-28,67.3,0,33.2,28.5,25.2,398
502,2012-07-29,66.8,0,33.2,29.2,26.2,95.42857143
503,2012-07-30,72.3,18,31.6,28.4,23,137.1428571
504,2012-07-31,66.1,0.1,33,29,26.6,198
505,2012-08-01,56.8,0,35.3,30.8,25.9,64.28571429
506,2012-08-02,53.6,0,35.5,30.8,26.8,45.14285714
507,2012-08-03,51.9,0,35.4,31.3,27.1,104.1428571
508,2012-08-04,50.1,0,36.2,31.7,28.2,43.14285714
509,2012-08-05,51,0,36.7,31.8,27.5,56.28571429
510,2012-08-06,54.1,0,35.8,31.5,27.8,26.71428571
511,2012-08-07,48,0,35,30.7,26.6,109
512,2012-08-08,51.6,0,34.3,29.6,25.6,221.8571429
513,2012-08-09,63.5,0,34.6,29.7,26.6,204.4285714
514,2012-08-10,69.4,0.3,29,27.4,25.7,230
515,2012-08-11,65,0,31.8,27.7,24,186.4285714
516,2012-08-12,80.3,17,27.9,25.5,22.3,2006.285714
517,2012-08-13,65,2,32.1,26.6,22.1,144.4285714
518,2012-08-14,64.3,15.5,31.2,26.7,23.2,237.4285714
519,2012-08-15,88,136.5,27.1,23.7,22.4,424.1428571
520,2012-08-16,68.8,0,28.9,26,22.7,351.5714286
521,2012-08-17,74,0,32.2,27.5,24.3,146.2857143
522,2012-07-21,67.4,0,31.4,27.5,24.1,218.5714286
523,2012-07-22,74.4,16.5,30.4,27.2,23.7,226.1428571
524,2012-07-23,73.9,1,30.5,27.6,25.6,248.7142857
525,2012-07-24,71.9,0,32.1,27.8,25.5,204.7142857
526,2012-07-25,68,0,32.1,27.9,24.2,216.1428571
527,2012-07-26,63.4,0,32.6,28.1,24.3,447
528,2012-07-27,68,0,32.3,27.9,24.9,378.8571429
529,2012-07-28,67.3,0,33.2,28.5,25.2,398
530,2012-07-29,66.8,0,33.2,29.2,26.2,95.42857143
531,2012-07-30,72.3,18,31.6,28.4,23,137.1428571
532,2012-07-31,66.1,0.1,33,29,26.6,198
533,2012-08-01,56.8,0,35.3,30.8,25.9,64.28571429
534,2012-08-02,53.6,0,35.5,30.8,26.8,45.14285714
535,2012-08-03,51.9,0,35.4,31.3,27.1,104.1428571
536,2012-08-04,50.1,0,36.2,31.7,28.2,43.14285714
537,2012-08-05,51,0,36.7,31.8,27.5,56.28571429
538,2012-08-06,54.1,0,35.8,31.5,27.8,26.71428571
539,2012-08-07,48,0,35,30.7,26.6,109
540,2012-08-08,51.6,0,34.3,29.6,25.6,221.8571429
541,2012-08-09,63.5,0,34.6,29.7,26.6,204.4285714
542,2012-08-10,69.4,0.3,29,27.4,25.7,230
543,2012-08-11,65,0,31.8,27.7,24,186.4285714
544,2012-08-12,80.3,17,27.9,25.5,22.3,2006.285714
545,2012-08-13,65,2,32.1,26.6,22.1,144.4285714
546,2012-08-14,64.3,15.5,31.2,26.7,23.2,237.4285714
547,2012-08-15,88,136.5,27.1,23.7,22.4,424.1428571
548,2012-08-16,68.8,0,28.9,26,22.7,351.5714286
549,2012-08-17,74,0,32.2,27.5,24.3,146.2857143
550,2012-08-18,80.3,2,28.6,27.2,25.8,204.1428571
551,2012-07-22,74.4,16.5,30.4,27.2,23.7,226.1428571
552,2012-07-23,73.9,1,30.5,27.6,25.6,248.7142857
553,2012-07-24,71.9,0,32.1,27.8,25.5,204.7142857
554,2012-07-25,68,0,32.1,27.9,24.2,216.1428571
555,2012-07-26,63.4,0,32.6,28.1,24.3,447
556,2012-07-27,68,0,32.3,27.9,24.9,378.8571429
557,2012-07-28,67.3,0,33.2,28.5,25.2,398
558,2012-07-29,66.8,0,33.2,29.2,26.2,95.42857143
559,2012-07-30,72.3,18,31.6,28.4,23,137.1428571
560,2012-07-31,66.1,0.1,33,29,26.6,198
561,2012-08-01,56.8,0,35.3,30.8,25.9,64.28571429
562,2012-08-02,53.6,0,35.5,30.8,26.8,45.14285714
563,2012-08-03,51.9,0,35.4,31.3,27.1,104.1428571
564,2012-08-04,50.1,0,36.2,31.7,28.2,43.14285714
565,2012-08-05,51,0,36.7,31.8,27.5,56.28571429
566,2012-08-06,54.1,0,35.8,31.5,27.8,26.71428571
567,2012-08-07,48,0,35,30.7,26.6,109
568,2012-08-08,51.6,0,34.3,29.6,25.6,221.8571429
569,2012-08-09,63.5,0,34.6,29.7,26.6,204.4285714
570,2012-08-10,69.4,0.3,29,27.4,25.7,230
571,2012-08-11,65,0,31.8,27.7,24,186.4285714
572,2012-08-12,80.3,17,27.9,25.5,22.3,2006.285714
573,2012-08-13,65,2,32.1,26.6,22.1,144.4285714
574,2012-08-14,64.3,15.5,31.2,26.7,23.2,237.4285714
575,2012-08-15,88,136.5,27.1,23.7,22.4,424.1428571
576,2012-08-16,68.8,0,28.9,26,22.7,351.5714286
577,2012-08-17,74,0,32.2,27.5,24.3,146.2857143
578,2012-08-18,80.3,2,28.6,27.2,25.8,204.1428571
579,2012-08-19,75.8,5,30.8,27.9,26.3,86
580,2012-07-23,73.9,1,30.5,27.6,25.6,248.7142857
581,2012-07-24,71.9,0,32.1,27.8,25.5,204.7142857
582,2012-07-25,68,0,32.1,27.9,24.2,216.1428571
583,2012-07-26,63.4,0,32.6,28.1,24.3,447
584,2012-07-27,68,0,32.3,27.9,24.9,378.8571429
585,2012-07-28,67.3,0,33.2,28.5,25.2,398
586,2012-07-29,66.8,0,33.2,29.2,26.2,95.42857143
587,2012-07-30,72.3,18,31.6,28.4,23,137.1428571
588,2012-07-31,66.1,0.1,33,29,26.6,198
589,2012-08-01,56.8,0,35.3,30.8,25.9,64.28571429
590,2012-08-02,53.6,0,35.5,30.8,26.8,45.14285714
591,2012-08-03,51.9,0,35.4,31.3,27.1,104.1428571
592,2012-08-04,50.1,0,36.2,31.7,28.2,43.14285714
593,2012-08-05,51,0,36.7,31.8,27.5,56.28571429
594,2012-08-06,54.1,0,35.8,31.5,27.8,26.71428571
595,2012-08-07,48,0,35,30.7,26.6,109
596,2012-08-08,51.6,0,34.3,29.6,25.6,221.8571429
597,2012-08-09,63.5,0,34.6,29.7,26.6,204.4285714
598,2012-08-10,69.4,0.3,29,27.4,25.7,230
599,2012-08-11,65,0,31.8,27.7,24,186.4285714
600,2012-08-12,80.3,17,27.9,25.5,22.3,2006.285714
601,2012-08-13,65,2,32.1,26.6,22.1,144.4285714
602,2012-08-14,64.3,15.5,31.2,26.7,23.2,237.4285714
603,2012-08-15,88,136.5,27.1,23.7,22.4,424.1428571
604,2012-08-16,68.8,0,28.9,26,22.7,351.5714286
605,2012-08-17,74,0,32.2,27.5,24.3,146.2857143
606,2012-08-18,80.3,2,28.6,27.2,25.8,204.1428571
607,2012-08-19,75.8,5,30.8,27.9,26.3,86
608,2012-08-20,87.4,59.5,27.1,25.4,24,106.8571429
609,2012-07-24,71.9,0,32.1,27.8,25.5,204.7142857
610,2012-07-25,68,0,32.1,27.9,24.2,216.1428571
611,2012-07-26,63.4,0,32.6,28.1,24.3,447
612,2012-07-27,68,0,32.3,27.9,24.9,378.8571429
613,2012-07-28,67.3,0,33.2,28.5,25.2,398
614,2012-07-29,66.8,0,33.2,29.2,26.2,95.42857143
615,2012-07-30,72.3,18,31.6,28.4,23,137.1428571
616,2012-07-31,66.1,0.1,33,29,26.6,198
617,2012-08-01,56.8,0,35.3,30.8,25.9,64.28571429
618,2012-08-02,53.6,0,35.5,30.8,26.8,45.14285714
619,2012-08-03,51.9,0,35.4,31.3,27.1,104.1428571
620,2012-08-04,50.1,0,36.2,31.7,28.2,43.14285714
621,2012-08-05,51,0,36.7,31.8,27.5,56.28571429
622,2012-08-06,54.1,0,35.8,31.5,27.8,26.71428571
623,2012-08-07,48,0,35,30.7,26.6,109
624,2012-08-08,51.6,0,34.3,29.6,25.6,221.8571429
625,2012-08-09,63.5,0,34.6,29.7,26.6,204.4285714
626,2012-08-10,69.4,0.3,29,27.4,25.7,230
627,2012-08-11,65,0,31.8,27.7,24,186.4285714
628,2012-08-12,80.3,17,27.9,25.5,22.3,2006.285714
629,2012-08-13,65,2,32.1,26.6,22.1,144.4285714
630,2012-08-14,64.3,15.5,31.2,26.7,23.2,237.4285714
631,2012-08-15,88,136.5,27.1,23.7,22.4,424.1428571
632,2012-08-16,68.8,0,28.9,26,22.7,351.5714286
633,2012-08-17,74,0,32.2,27.5,24.3,146.2857143
634,2012-08-18,80.3,2,28.6,27.2,25.8,204.1428571
635,2012-08-19,75.8,5,30.8,27.9,26.3,86
636,2012-08-20,87.4,59.5,27.1,25.4,24,106.8571429
637,2012-08-21,85.4,137,28.7,25.3,23.5,124.2857143
638,2012-07-25,68,0,32.1,27.9,24.2,216.1428571
639,2012-07-26,63.4,0,32.6,28.1,24.3,447
640,2012-07-27,68,0,32.3,27.9,24.9,378.8571429
641,2012-07-28,67.3,0,33.2,28.5,25.2,398
642,2012-07-29,66.8,0,33.2,29.2,26.2,95.42857143
643,2012-07-30,72.3,18,31.6,28.4,23,137.1428571
644,2012-07-31,66.1,0.1,33,29,26.6,198
645,2012-08-01,56.8,0,35.3,30.8,25.9,64.28571429
646,2012-08-02,53.6,0,35.5,30.8,26.8,45.14285714
647,2012-08-03,51.9,0,35.4,31.3,27.1,104.1428571
648,2012-08-04,50.1,0,36.2,31.7,28.2,43.14285714
649,2012-08-05,51,0,36.7,31.8,27.5,56.28571429
650,2012-08-06,54.1,0,35.8,31.5,27.8,26.71428571
651,2012-08-07,48,0,35,30.7,26.6,109
652,2012-08-08,51.6,0,34.3,29.6,25.6,221.8571429
653,2012-08-09,63.5,0,34.6,29.7,26.6,204.4285714
654,2012-08-10,69.4,0.3,29,27.4,25.7,230
655,2012-08-11,65,0,31.8,27.7,24,186.4285714
656,2012-08-12,80.3,17,27.9,25.5,22.3,2006.285714
657,2012-08-13,65,2,32.1,26.6,22.1,144.4285714
658,2012-08-14,64.3,15.5,31.2,26.7,23.2,237.4285714
659,2012-08-15,88,136.5,27.1,23.7,22.4,424.1428571
660,2012-08-16,68.8,0,28.9,26,22.7,351.5714286
661,2012-08-17,74,0,32.2,27.5,24.3,146.2857143
662,2012-08-18,80.3,2,28.6,27.2,25.8,204.1428571
663,2012-08-19,75.8,5,30.8,27.9,26.3,86
664,2012-08-20,87.4,59.5,27.1,25.4,24,106.8571429
665,2012-08-21,85.4,137,28.7,25.3,23.5,124.2857143
666,2012-08-22,80.5,17,24.6,22,20.3,73.42857143
667,2012-07-26,63.4,0,32.6,28.1,24.3,447
668,2012-07-27,68,0,32.3,27.9,24.9,378.8571429
669,2012-07-28,67.3,0,33.2,28.5,25.2,398
670,2012-07-29,66.8,0,33.2,29.2,26.2,95.42857143
671,2012-07-30,72.3,18,31.6,28.4,23,137.1428571
672,2012-07-31,66.1,0.1,33,29,26.6,198
673,2012-08-01,56.8,0,35.3,30.8,25.9,64.28571429
674,2012-08-02,53.6,0,35.5,30.8,26.8,45.14285714
675,2012-08-03,51.9,0,35.4,31.3,27.1,104.1428571
676,2012-08-04,50.1,0,36.2,31.7,28.2,43.14285714
677,2012-08-05,51,0,36.7,31.8,27.5,56.28571429
678,2012-08-06,54.1,0,35.8,31.5,27.8,26.71428571
679,2012-08-07,48,0,35,30.7,26.6,109
680,2012-08-08,51.6,0,34.3,29.6,25.6,221.8571429
681,2012-08-09,63.5,0,34.6,29.7,26.6,204.4285714
682,2012-08-10,69.4,0.3,29,27.4,25.7,230
683,2012-08-11,65,0,31.8,27.7,24,186.4285714
684,2012-08-12,80.3,17,27.9,25.5,22.3,2006.285714
685,2012-08-13,65,2,32.1,26.6,22.1,144.4285714
686,2012-08-14,64.3,15.5,31.2,26.7,23.2,237.4285714
687,2012-08-15,88,136.5,27.1,23.7,22.4,424.1428571
688,2012-08-16,68.8,0,28.9,26,22.7,351.5714286
689,2012-08-17,74,0,32.2,27.5,24.3,146.2857143
690,2012-08-18,80.3,2,28.6,27.2,25.8,204.1428571
691,2012-08-19,75.8,5,30.8,27.9,26.3,86
692,2012-08-20,87.4,59.5,27.1,25.4,24,106.8571429
693,2012-08-21,85.4,137,28.7,25.3,23.5,124.2857143
694,2012-08-22,80.5,17,24.6,22,20.3,73.42857143
695,2012-08-23,68.3,0.1,25.7,23,20.5,76.28571429
696,2012-07-27,68,0,32.3,27.9,24.9,378.8571429
697,2012-07-28,67.3,0,33.2,28.5,25.2,398
698,2012-07-29,66.8,0,33.2,29.2,26.2,95.42857143
699,2012-07-30,72.3,18,31.6,28.4,23,137.1428571
700,2012-07-31,66.1,0.1,33,29,26.6,198
701,2012-08-01,56.8,0,35.3,30.8,25.9,64.28571429
702,2012-08-02,53.6,0,35.5,30.8,26.8,45.14285714
703,2012-08-03,51.9,0,35.4,31.3,27.1,104.1428571
704,2012-08-04,50.1,0,36.2,31.7,28.2,43.14285714
705,2012-08-05,51,0,36.7,31.8,27.5,56.28571429
706,2012-08-06,54.1,0,35.8,31.5,27.8,26.71428571
707,2012-08-07,48,0,35,30.7,26.6,109
708,2012-08-08,51.6,0,34.3,29.6,25.6,221.8571429
709,2012-08-09,63.5,0,34.6,29.7,26.6,204.4285714
710,2012-08-10,69.4,0.3,29,27.4,25.7,230
711,2012-08-11,65,0,31.8,27.7,24,186.4285714
712,2012-08-12,80.3,17,27.9,25.5,22.3,2006.285714
713,2012-08-13,65,2,32.1,26.6,22.1,144.4285714
714,2012-08-14,64.3,15.5,31.2,26.7,23.2,237.4285714
715,2012-08-15,88,136.5,27.1,23.7,22.4,424.1428571
716,2012-08-16,68.8,0,28.9,26,22.7,351.5714286
717,2012-08-17,74,0,32.2,27.5,24.3,146.2857143
718,2012-08-18,80.3,2,28.6,27.2,25.8,204.1428571
719,2012-08-19,75.8,5,30.8,27.9,26.3,86
720,2012-08-20,87.4,59.5,27.1,25.4,24,106.8571429
721,2012-08-21,85.4,137,28.7,25.3,23.5,124.2857143
722,2012-08-22,80.5,17,24.6,22,20.3,73.42857143
723,2012-08-23,68.3,0.1,25.7,23,20.5,76.28571429
724,2012-08-24,70,7.5,26.1,23.3,21.1,121.7142857
725,2012-07-28,67.3,0,33.2,28.5,25.2,398
726,2012-07-29,66.8,0,33.2,29.2,26.2,95.42857143
727,2012-07-30,72.3,18,31.6,28.4,23,137.1428571
728,2012-07-31,66.1,0.1,33,29,26.6,198
729,2012-08-01,56.8,0,35.3,30.8,25.9,64.28571429
730,2012-08-02,53.6,0,35.5,30.8,26.8,45.14285714
731,2012-08-03,51.9,0,35.4,31.3,27.1,104.1428571
732,2012-08-04,50.1,0,36.2,31.7,28.2,43.14285714
733,2012-08-05,51,0,36.7,31.8,27.5,56.28571429
734,2012-08-06,54.1,0,35.8,31.5,27.8,26.71428571
735,2012-08-07,48,0,35,30.7,26.6,109
736,2012-08-08,51.6,0,34.3,29.6,25.6,221.8571429
737,2012-08-09,63.5,0,34.6,29.7,26.6,204.4285714
738,2012-08-10,69.4,0.3,29,27.4,25.7,230
739,2012-08-11,65,0,31.8,27.7,24,186.4285714
740,2012-08-12,80.3,17,27.9,25.5,22.3,2006.285714
741,2012-08-13,65,2,32.1,26.6,22.1,144.4285714
742,2012-08-14,64.3,15.5,31.2,26.7,23.2,237.4285714
743,2012-08-15,88,136.5,27.1,23.7,22.4,424.1428571
744,2012-08-16,68.8,0,28.9,26,22.7,351.5714286
745,2012-08-17,74,0,32.2,27.5,24.3,146.2857143
746,2012-08-18,80.3,2,28.6,27.2,25.8,204.1428571
747,2012-08-19,75.8,5,30.8,27.9,26.3,86
748,2012-08-20,87.4,59.5,27.1,25.4,24,106.8571429
749,2012-08-21,85.4,137,28.7,25.3,23.5,124.2857143
750,2012-08-22,80.5,17,24.6,22,20.3,73.42857143
751,2012-08-23,68.3,0.1,25.7,23,20.5,76.28571429
752,2012-08-24,70,7.5,26.1,23.3,21.1,121.7142857
753,2012-08-25,80.1,11.5,28.9,25,21.5,134.2857143
754,2012-07-29,66.8,0,33.2,29.2,26.2,95.42857143
755,2012-07-30,72.3,18,31.6,28.4,23,137.1428571
756,2012-07-31,66.1,0.1,33,29,26.6,198
757,2012-08-01,56.8,0,35.3,30.8,25.9,64.28571429
758,2012-08-02,53.6,0,35.5,30.8,26.8,45.14285714
759,2012-08-03,51.9,0,35.4,31.3,27.1,104.1428571
760,2012-08-04,50.1,0,36.2,31.7,28.2,43.14285714
761,2012-08-05,51,0,36.7,31.8,27.5,56.28571429
762,2012-08-06,54.1,0,35.8,31.5,27.8,26.71428571
763,2012-08-07,48,0,35,30.7,26.6,109
764,2012-08-08,51.6,0,34.3,29.6,25.6,221.8571429
765,2012-08-09,63.5,0,34.6,29.7,26.6,204.4285714
766,2012-08-10,69.4,0.3,29,27.4,25.7,230
767,2012-08-11,65,0,31.8,27.7,24,186.4285714
768,2012-08-12,80.3,17,27.9,25.5,22.3,2006.285714
769,2012-08-13,65,2,32.1,26.6,22.1,144.4285714
770,2012-08-14,64.3,15.5,31.2,26.7,23.2,237.4285714
771,2012-08-15,88,136.5,27.1,23.7,22.4,424.1428571
772,2012-08-16,68.8,0,28.9,26,22.7,351.5714286
773,2012-08-17,74,0,32.2,27.5,24.3,146.2857143
774,2012-08-18,80.3,2,28.6,27.2,25.8,204.1428571
775,2012-08-19,75.8,5,30.8,27.9,26.3,86
776,2012-08-20,87.4,59.5,27.1,25.4,24,106.8571429
777,2012-08-21,85.4,137,28.7,25.3,23.5,124.2857143
778,2012-08-22,80.5,17,24.6,22,20.3,73.42857143
779,2012-08-23,68.3,0.1,25.7,23,20.5,76.28571429
780,2012-08-24,70,7.5,26.1,23.3,21.1,121.7142857
781,2012-08-25,80.1,11.5,28.9,25,21.5,134.2857143
782,2012-08-26,72.3,0,32.4,27.5,24.1,43.57142857
783,2012-07-30,72.3,18,31.6,28.4,23,137.1428571
784,2012-07-31,66.1,0.1,33,29,26.6,198
785,2012-08-01,56.8,0,35.3,30.8,25.9,64.28571429
786,2012-08-02,53.6,0,35.5,30.8,26.8,45.14285714
787,2012-08-03,51.9,0,35.4,31.3,27.1,104.1428571
788,2012-08-04,50.1,0,36.2,31.7,28.2,43.14285714
789,2012-08-05,51,0,36.7,31.8,27.5,56.28571429
790,2012-08-06,54.1,0,35.8,31.5,27.8,26.71428571
791,2012-08-07,48,0,35,30.7,26.6,109
792,2012-08-08,51.6,0,34.3,29.6,25.6,221.8571429
793,2012-08-09,63.5,0,34.6,29.7,26.6,204.4285714
794,2012-08-10,69.4,0.3,29,27.4,25.7,230
795,2012-08-11,65,0,31.8,27.7,24,186.4285714
796,2012-08-12,80.3,17,27.9,25.5,22.3,2006.285714
797,2012-08-13,65,2,32.1,26.6,22.1,144.4285714
798,2012-08-14,64.3,15.5,31.2,26.7,23.2,237.4285714
799,2012-08-15,88,136.5,27.1,23.7,22.4,424.1428571
800,2012-08-16,68.8,0,28.9,26,22.7,351.5714286
801,2012-08-17,74,0,32.2,27.5,24.3,146.2857143
802,2012-08-18,80.3,2,28.6,27.2,25.8,204.1428571
803,2012-08-19,75.8,5,30.8,27.9,26.3,86
804,2012-08-20,87.4,59.5,27.1,25.4,24,106.8571429
805,2012-08-21,85.4,137,28.7,25.3,23.5,124.2857143
806,2012-08-22,80.5,17,24.6,22,20.3,73.42857143
807,2012-08-23,68.3,0.1,25.7,23,20.5,76.28571429
808,2012-08-24,70,7.5,26.1,23.3,21.1,121.7142857
809,2012-08-25,80.1,11.5,28.9,25,21.5,134.2857143
810,2012-08-26,72.3,0,32.4,27.5,24.1,43.57142857
811,2012-08-27,59.9,0,32.9,28.5,24.5,25.14285714
812,2012-07-31,66.1,0.1,33,29,26.6,198
813,2012-08-01,56.8,0,35.3,30.8,25.9,64.28571429
814,2012-08-02,53.6,0,35.5,30.8,26.8,45.14285714
815,2012-08-03,51.9,0,35.4,31.3,27.1,104.1428571
816,2012-08-04,50.1,0,36.2,31.7,28.2,43.14285714
817,2012-08-05,51,0,36.7,31.8,27.5,56.28571429
818,2012-08-06,54.1,0,35.8,31.5,27.8,26.71428571
819,2012-08-07,48,0,35,30.7,26.6,109
820,2012-08-08,51.6,0,34.3,29.6,25.6,221.8571429
821,2012-08-09,63.5,0,34.6,29.7,26.6,204.4285714
822,2012-08-10,69.4,0.3,29,27.4,25.7,230
823,2012-08-11,65,0,31.8,27.7,24,186.4285714
824,2012-08-12,80.3,17,27.9,25.5,22.3,2006.285714
825,2012-08-13,65,2,32.1,26.6,22.1,144.4285714
826,2012-08-14,64.3,15.5,31.2,26.7,23.2,237.4285714
827,2012-08-15,88,136.5,27.1,23.7,22.4,424.1428571
828,2012-08-16,68.8,0,28.9,26,22.7,351.5714286
829,2012-08-17,74,0,32.2,27.5,24.3,146.2857143
830,2012-08-18,80.3,2,28.6,27.2,25.8,204.1428571
831,2012-08-19,75.8,5,30.8,27.9,26.3,86
832,2012-08-20,87.4,59.5,27.1,25.4,24,106.8571429
833,2012-08-21,85.4,137,28.7,25.3,23.5,124.2857143
834,2012-08-22,80.5,17,24.6,22,20.3,73.42857143
835,2012-08-23,68.3,0.1,25.7,23,20.5,76.28571429
836,2012-08-24,70,7.5,26.1,23.3,21.1,121.7142857
837,2012-08-25,80.1,11.5,28.9,25,21.5,134.2857143
838,2012-08-26,72.3,0,32.4,27.5,24.1,43.57142857
839,2012-08-27,59.9,0,32.9,28.5,24.5,25.14285714
840,2012-08-28,69.5,13.5,29.4,26.1,21.8,110
841,2012-08-01,56.8,0,35.3,30.8,25.9,64.28571429
842,2012-08-02,53.6,0,35.5,30.8,26.8,45.14285714
843,2012-08-03,51.9,0,35.4,31.3,27.1,104.1428571
844,2012-08-04,50.1,0,36.2,31.7,28.2,43.14285714
845,2012-08-05,51,0,36.7,31.8,27.5,56.28571429
846,2012-08-06,54.1,0,35.8,31.5,27.8,26.71428571
847,2012-08-07,48,0,35,30.7,26.6,109
848,2012-08-08,51.6,0,34.3,29.6,25.6,221.8571429
849,2012-08-09,63.5,0,34.6,29.7,26.6,204.4285714
850,2012-08-10,69.4,0.3,29,27.4,25.7,230
851,2012-08-11,65,0,31.8,27.7,24,186.4285714
852,2012-08-12,80.3,17,27.9,25.5,22.3,2006.285714
853,2012-08-13,65,2,32.1,26.6,22.1,144.4285714
854,2012-08-14,64.3,15.5,31.2,26.7,23.2,237.4285714
855,2012-08-15,88,136.5,27.1,23.7,22.4,424.1428571
856,2012-08-16,68.8,0,28.9,26,22.7,351.5714286
857,2012-08-17,74,0,32.2,27.5,24.3,146.2857143
858,2012-08-18,80.3,2,28.6,27.2,25.8,204.1428571
859,2012-08-19,75.8,5,30.8,27.9,26.3,86
860,2012-08-20,87.4,59.5,27.1,25.4,24,106.8571429
861,2012-08-21,85.4,137,28.7,25.3,23.5,124.2857143
862,2012-08-22,80.5,17,24.6,22,20.3,73.42857143
863,2012-08-23,68.3,0.1,25.7,23,20.5,76.28571429
864,2012-08-24,70,7.5,26.1,23.3,21.1,121.7142857
865,2012-08-25,80.1,11.5,28.9,25,21.5,134.2857143
866,2012-08-26,72.3,0,32.4,27.5,24.1,43.57142857
867,2012-08-27,59.9,0,32.9,28.5,24.5,25.14285714
868,2012-08-28,69.5,13.5,29.4,26.1,21.8,110
869,2012-08-29,70.3,6,29.1,25.7,21.7,43.85714286
870,2012-08-02,53.6,0,35.5,30.8,26.8,45.14285714
871,2012-08-03,51.9,0,35.4,31.3,27.1,104.1428571
872,2012-08-04,50.1,0,36.2,31.7,28.2,43.14285714
873,2012-08-05,51,0,36.7,31.8,27.5,56.28571429
874,2012-08-06,54.1,0,35.8,31.5,27.8,26.71428571
875,2012-08-07,48,0,35,30.7,26.6,109
876,2012-08-08,51.6,0,34.3,29.6,25.6,221.8571429
877,2012-08-09,63.5,0,34.6,29.7,26.6,204.4285714
878,2012-08-10,69.4,0.3,29,27.4,25.7,230
879,2012-08-11,65,0,31.8,27.7,24,186.4285714
880,2012-08-12,80.3,17,27.9,25.5,22.3,2006.285714
881,2012-08-13,65,2,32.1,26.6,22.1,144.4285714
882,2012-08-14,64.3,15.5,31.2,26.7,23.2,237.4285714
883,2012-08-15,88,136.5,27.1,23.7,22.4,424.1428571
884,2012-08-16,68.8,0,28.9,26,22.7,351.5714286
885,2012-08-17,74,0,32.2,27.5,24.3,146.2857143
886,2012-08-18,80.3,2,28.6,27.2,25.8,204.1428571
887,2012-08-19,75.8,5,30.8,27.9,26.3,86
888,2012-08-20,87.4,59.5,27.1,25.4,24,106.8571429
889,2012-08-21,85.4,137,28.7,25.3,23.5,124.2857143
890,2012-08-22,80.5,17,24.6,22,20.3,73.42857143
891,2012-08-23,68.3,0.1,25.7,23,20.5,76.28571429
892,2012-08-24,70,7.5,26.1,23.3,21.1,121.7142857
893,2012-08-25,80.1,11.5,28.9,25,21.5,134.2857143
894,2012-08-26,72.3,0,32.4,27.5,24.1,43.57142857
895,2012-08-27,59.9,0,32.9,28.5,24.5,25.14285714
896,2012-08-28,69.5,13.5,29.4,26.1,21.8,110
897,2012-08-29,70.3,6,29.1,25.7,21.7,43.85714286
898,2012-08-30,85.8,34.5,24.7,21.4,18.7,68.85714286
